Timestamp,EncoderCount
1724305709.068144556,219
1724305709.072943515,219
1724305709.076421697,219
1724305709.080005311,219
1724305709.084759376,219
1724305709.088312122,219
1724305709.092980545,219
1724305709.096637967,219
1724305709.100497190,219
1724305709.104699165,219
1724305709.108820418,219
1724305709.112984680,219
1724305709.117047966,219
1724305709.121115185,219
1724305709.125228625,219
1724305709.129247159,219
1724305709.133370082,219
1724305709.137510248,219
1724305709.141568672,219
1724305709.145775823,219
1724305709.149725090,219
1724305709.153839626,219
1724305709.157946631,219
1724305709.162130070,219
1724305709.165993921,219
1724305709.170294551,219
1724305709.174324428,219
1724305709.178499112,219
1724305709.182542901,219
1724305709.186643462,219
1724305709.190649906,219
1724305709.194710220,219
1724305709.198951343,219
1724305709.202926450,219
1724305709.207214613,219
1724305709.211058228,219
1724305709.215167416,219
1724305709.219303760,219
1724305709.223224069,219
1724305709.227287072,219
1724305709.231421296,219
1724305709.235533287,219
1724305709.239615953,219
1724305709.243946815,219
1724305709.248000625,219
1724305709.252144522,219
1724305709.256303844,219
1724305709.260292675,219
1724305709.264311573,219
1724305709.268386429,219
1724305709.272580242,219
1724305709.276682126,219
1724305709.280751162,219
1724305709.284883454,219
1724305709.288821116,219
1724305709.292940915,219
1724305709.297050330,219
1724305709.301187512,219
1724305709.305211670,219
1724305709.309264147,219
1724305709.313234365,219
1724305709.317552369,219
1724305709.321719305,219
1724305709.325661536,219
1724305709.329752358,219
1724305709.333842678,219
1724305709.337920406,219
1724305709.342138396,219
1724305709.346037327,219
1724305709.350231647,219
1724305709.354273867,219
1724305709.358376007,219
1724305709.362464680,219
1724305709.366572311,219
1724305709.370788034,219
1724305709.374805851,219
1724305709.378805918,219
1724305709.382926893,219
1724305709.387094448,219
1724305709.391125739,219
1724305709.395296808,219
1724305709.399217615,219
1724305709.403416246,219
1724305709.407531256,219
1724305709.411821216,219
1724305709.415770408,219
1724305709.419780779,219
1724305709.423923939,219
1724305709.427974668,219
1724305709.432084213,219
1724305709.436138323,219
1724305709.440290788,219
1724305709.444313630,219
1724305709.448417271,219
1724305709.452496063,219
1724305709.456659120,219
1724305709.460716835,219
1724305709.464831727,219
1724305709.468911785,219
1724305709.473008053,219
1724305709.477097431,219
1724305709.481243495,219
1724305709.485267238,219
1724305709.489345162,219
1724305709.493518718,219
1724305709.497596633,219
1724305709.501928880,219
1724305709.506034030,219
1724305709.510068907,219
1724305709.514014715,219
1724305709.518255953,219
1724305709.522269742,219
1724305709.526454994,219
1724305709.530261610,219
1724305709.534442492,219
1724305709.538574638,219
1724305709.542733272,219
1724305709.546733299,219
1724305709.550951616,219
1724305709.554906488,219
1724305709.559029987,219
1724305709.563072650,219
1724305709.567290499,219
1724305709.571357675,219
1724305709.575346185,219
1724305709.579514594,219
1724305709.583738038,219
1724305709.587787675,219
1724305709.591800262,219
1724305709.595944113,219
1724305709.600013037,219
1724305709.604124858,219
1724305709.607685891,219
1724305709.611290529,219
1724305709.615970016,219
1724305709.619485496,219
1724305709.624124691,219
1724305709.627652128,219
1724305709.632277452,219
1724305709.635825297,219
1724305709.640548283,219
1724305709.644074308,219
1724305709.648818158,219
1724305709.652190839,219
1724305709.656261171,219
1724305709.660480414,219
1724305709.664476421,219
1724305709.668698905,219
1724305709.672717113,219
1724305709.676792530,219
1724305709.680915211,219
1724305709.684981258,219
1724305709.689143654,219
1724305709.693336971,219
1724305709.697388941,219
1724305709.701367407,219
1724305709.705444594,219
1724305709.709702536,219
1724305709.713824226,219
1724305709.717774950,219
1724305709.721949734,219
1724305709.726013846,219
1724305709.730081658,219
1724305709.734167072,219
1724305709.738217905,219
1724305709.742434449,219
1724305709.746513770,219
1724305709.750632110,219
1724305709.754834910,219
1724305709.758780987,219
1724305709.762916005,219
1724305709.766844966,219
1724305709.771064832,219
1724305709.775045016,219
1724305709.779187788,219
1724305709.783350965,219
1724305709.787347210,219
1724305709.791498564,219
1724305709.795575401,219
1724305709.799615756,219
1724305709.803761742,219
1724305709.807807705,219
1724305709.811854044,219
1724305709.816096483,219
1724305709.820028756,219
1724305709.824177934,219
1724305709.828334808,219
1724305709.832397008,219
1724305709.836629801,219
1724305709.840640096,219
1724305709.844723599,219
1724305709.848819052,219
1724305709.852725728,219
1724305709.856840352,219
1724305709.860916406,219
1724305709.865016655,219
1724305709.869149621,219
1724305709.873202629,219
1724305709.877412317,219
1724305709.881446650,219
1724305709.885563674,219
1724305709.889634228,219
1724305709.893783431,219
1724305709.897842615,219
1724305709.901880481,219
1724305709.906197385,219
1724305709.910301008,219
1724305709.914267569,219
1724305709.918318697,219
1724305709.922505462,219
1724305709.926570009,219
1724305709.930558184,219
1724305709.934719419,219
1724305709.938840210,219
1724305709.942922934,219
1724305709.947023719,219
1724305709.951097215,219
1724305709.955210523,219
1724305709.959242324,219
1724305709.963301823,219
1724305709.967518724,219
1724305709.971603846,219
1724305709.975750748,219
1724305709.979703405,219
1724305709.983846611,219
1724305709.987981218,219
1724305709.992138242,219
1724305709.996286438,219
1724305710.000426715,219
1724305710.004538208,219
1724305710.008516401,219
1724305710.012559991,219
1724305710.016759621,219
1724305710.020673853,219
1724305710.024906396,219
1724305710.029117186,219
1724305710.033190923,219
1724305710.037304820,219
1724305710.041176060,219
1724305710.045413605,219
1724305710.049408469,219
1724305710.053552919,219
1724305710.057663571,219
1724305710.061757024,219
1724305710.065743260,219
1724305710.069891483,219
1724305710.074087688,219
1724305710.078153097,219
1724305710.082172401,219
1724305710.086231903,219
1724305710.090309647,219
1724305710.094423930,219
1724305710.098875468,219
1724305710.102737966,219
1724305710.106858519,219
1724305710.110938384,219
1724305710.115031414,219
1724305710.119101565,219
1724305710.123254556,219
1724305710.127199880,219
1724305710.131319036,219
1724305710.135528028,219
1724305710.139620250,219
1724305710.143668217,219
1724305710.147796117,219
1724305710.151877658,219
1724305710.154372282,219
1724305710.158055484,219
1724305710.161763853,219
1724305710.166383032,219
1724305710.170179017,219
1724305710.174120537,219
1724305710.177854297,219
1724305710.182522079,219
1724305710.186170157,219
1724305710.190952784,219
1724305710.194535410,219
1724305710.198274343,219
1724305710.202176357,219
1724305710.206331622,219
1724305710.210466185,219
1724305710.214503934,219
1724305710.218611927,219
1724305710.222714317,219
1724305710.226829704,219
1724305710.230855268,219
1724305710.234975570,219
1724305710.239070386,219
1724305710.243182909,219
1724305710.247177249,219
1724305710.251295247,219
1724305710.255451570,219
1724305710.259455975,219
1724305710.263801684,219
1724305710.267821270,219
1724305710.271885159,219
1724305710.276027367,219
1724305710.280282094,219
1724305710.284245491,219
1724305710.288453892,219
1724305710.292396856,219
1724305710.296540449,219
1724305710.300485547,219
1724305710.304653597,219
1724305710.308731760,219
1724305710.313051606,219
1724305710.317115984,219
1724305710.321207922,219
1724305710.325170229,219
1724305710.329180909,219
1724305710.333242648,219
1724305710.337341572,219
1724305710.341470103,219
1724305710.345615050,219
1724305710.349673232,219
1724305710.353836624,219
1724305710.357793889,219
1724305710.361904332,219
1724305710.366109892,219
1724305710.370255049,219
1724305710.374193492,219
1724305710.378501931,219
1724305710.382445542,219
1724305710.386541158,219
1724305710.390613501,219
1724305710.394659168,219
1724305710.398818060,219
1724305710.402812623,219
1724305710.406951858,219
1724305710.410991215,219
1724305710.415196383,219
1724305710.419187992,219
1724305710.423281547,219
1724305710.427360182,219
1724305710.431548997,219
1724305710.435637737,219
1724305710.439876349,219
1724305710.443842743,219
1724305710.447951823,219
1724305710.451914573,219
1724305710.456123189,219
1724305710.460338048,219
1724305710.464342798,219
1724305710.468354600,219
1724305710.472485275,219
1724305710.476506843,219
1724305710.480614313,219
1724305710.484740833,219
1724305710.488888600,219
1724305710.492928742,219
1724305710.497077728,219
1724305710.501188541,219
1724305710.505231726,219
1724305710.509308996,219
1724305710.513378640,219
1724305710.517529194,219
1724305710.521632636,219
1724305710.525793411,219
1724305710.529815559,219
1724305710.533921054,219
1724305710.538010693,219
1724305710.542142127,219
1724305710.546188100,219
1724305710.550263585,219
1724305710.554398946,219
1724305710.558447539,219
1724305710.562589596,219
1724305710.566716779,219
1724305710.570875054,219
1724305710.574910633,219
1724305710.578802652,219
1724305710.583078195,219
1724305710.587297100,219
1724305710.591331789,219
1724305710.595244519,219
1724305710.599458607,219
1724305710.603543943,219
1724305710.607552720,219
1724305710.611775993,219
1724305710.615793234,219
1724305710.619897279,219
1724305710.624073309,219
1724305710.628121295,219
1724305710.632200591,219
1724305710.636270040,219
1724305710.640335014,219
1724305710.644390677,219
1724305710.648496901,219
1724305710.652604099,219
1724305710.656716964,219
1724305710.660823727,219
1724305710.664882475,219
1724305710.668999157,219
1724305710.673108724,219
1724305710.677238728,219
1724305710.681274671,219
1724305710.685380584,219
1724305710.689555191,219
1724305710.693611567,219
1724305710.697692448,219
1724305710.701740358,219
1724305710.705295449,219
1724305710.708816809,219
1724305710.713403592,219
1724305710.718123201,219
1724305710.721625033,219
1724305710.726227618,219
1724305710.729726393,219
1724305710.734371712,219
1724305710.737832391,219
1724305710.742415978,219
1724305710.745962494,219
1724305710.749781778,219
1724305710.753918550,219
1724305710.757937183,219
1724305710.762148969,219
1724305710.766181133,219
1724305710.770255295,219
1724305710.774384324,219
1724305710.778473635,219
1724305710.782632829,219
1724305710.786627680,219
1724305710.790799052,219
1724305710.794838685,219
1724305710.798905298,219
1724305710.803001834,219
1724305710.807097337,219
1724305710.811211896,219
1724305710.815300366,219
1724305710.819354195,219
1724305710.823543720,219
1724305710.827578386,219
1724305710.831648044,219
1724305710.835775442,219
1724305710.839857171,219
1724305710.844019506,219
1724305710.848043567,219
1724305710.852127308,219
1724305710.856223932,219
1724305710.860350184,219
1724305710.864430293,219
1724305710.868549594,219
1724305710.872638978,219
1724305710.876724333,219
1724305710.880814593,219
1724305710.884949408,219
1724305710.889033098,219
1724305710.893128069,219
1724305710.897190595,219
1724305710.901296687,219
1724305710.905451859,219
1724305710.909612526,219
1724305710.913588552,219
1724305710.917729743,219
1724305710.921822640,219
1724305710.925988177,219
1724305710.930039635,219
1724305710.934111742,219
1724305710.938170562,219
1724305710.942281655,219
1724305710.946388800,219
1724305710.950491545,219
1724305710.954533478,219
1724305710.958677540,219
1724305710.962735864,219
1724305710.966829065,219
1724305710.970939813,219
1724305710.975034997,219
1724305710.979094058,219
1724305710.983154977,219
1724305710.987273908,219
1724305710.991420924,219
1724305710.995604580,219
1724305710.999608421,219
1724305711.003682470,219
1724305711.007776993,219
1724305711.011866542,219
1724305711.015969035,219
1724305711.020062544,219
1724305711.024147614,219
1724305711.028247880,219
1724305711.032408200,219
1724305711.036469612,219
1724305711.040523183,219
1724305711.044620140,219
1724305711.048741705,219
1724305711.052828995,219
1724305711.057005217,219
1724305711.061000900,219
1724305711.065127279,219
1724305711.069215529,219
1724305711.073309824,219
1724305711.077385974,219
1724305711.081530639,219
1724305711.085631182,219
1724305711.089722886,219
1724305711.093901236,219
1724305711.097938159,219
1724305711.102067362,219
1724305711.106077953,219
1724305711.110203777,219
1724305711.114286452,219
1724305711.118487687,219
1724305711.123812959,219
1724305711.127843174,219
1724305711.131946019,219
1724305711.136032540,219
1724305711.140019524,219
1724305711.144210067,219
1724305711.148388278,219
1724305711.152492314,219
1724305711.156600486,219
1724305711.160696728,219
1724305711.164781384,219
1724305711.169009875,219
1724305711.173011051,219
1724305711.177110844,219
1724305711.181194425,219
1724305711.185329404,219
1724305711.189389352,219
1724305711.193534921,219
1724305711.197552095,219
1724305711.201544547,219
1724305711.205992447,219
1724305711.209718961,219
1724305711.213786457,219
1724305711.218245844,219
1724305711.222347998,219
1724305711.226267394,219
1724305711.230357061,219
1724305711.234342408,219
1724305711.238383024,219
1724305711.242675446,219
1724305711.246799453,219
1724305711.250860203,219
1724305711.254816465,219
1724305711.259084862,219
1724305711.263154786,219
1724305711.267272249,219
1724305711.271341290,219
1724305711.275481062,219
1724305711.279610920,219
1724305711.283652727,219
1724305711.287734812,219
1724305711.291748003,219
1724305711.295919330,219
1724305711.299810716,219
1724305711.303962796,219
1724305711.308204803,219
1724305711.312351209,219
1724305711.316330201,219
1724305711.320612549,219
1724305711.324557170,219
1724305711.328757781,219
1724305711.332678715,219
1724305711.336934828,219
1724305711.341001955,219
1724305711.345150161,219
1724305711.349178154,219
1724305711.353380617,219
1724305711.357543686,219
1724305711.361561031,219
1724305711.365807027,219
1724305711.369900388,219
1724305711.373737005,219
1724305711.378067068,219
1724305711.382120684,219
1724305711.386238361,219
1724305711.390053527,219
1724305711.394222480,219
1724305711.398454964,219
1724305711.402490283,219
1724305711.406535221,219
1724305711.410662066,219
1724305711.414639354,219
1724305711.418889185,219
1724305711.422965442,219
1724305711.426963508,219
1724305711.431063702,219
1724305711.435014520,219
1724305711.438595038,219
1724305711.442058926,219
1724305711.446723708,219
1724305711.450225169,219
1724305711.454991357,219
1724305711.458746888,219
1724305711.463478742,219
1724305711.466977688,219
1724305711.471547877,219
1724305711.475125899,219
1724305711.479790694,219
1724305711.482999983,219
1724305711.487169762,219
1724305711.491190685,219
1724305711.495276038,219
1724305711.499323754,219
1724305711.503738466,219
1724305711.507670080,219
1724305711.511514477,219
1724305711.515710815,219
1724305711.519900376,219
1724305711.523981862,219
1724305711.527950748,219
1724305711.532009660,219
1724305711.536319196,219
1724305711.540366662,219
1724305711.544436456,219
1724305711.548515903,219
1724305711.552739526,219
1724305711.556749621,219
1724305711.560844357,219
1724305711.564919669,219
1724305711.568954170,219
1724305711.573120510,219
1724305711.577186488,219
1724305711.581296742,219
1724305711.585375231,219
1724305711.589445293,219
1724305711.593634926,219
1724305711.597750964,219
1724305711.601794267,219
1724305711.605872215,219
1724305711.610039900,219
1724305711.614216779,219
1724305711.618171440,219
1724305711.622342316,219
1724305711.626339802,219
1724305711.630535842,219
1724305711.634658286,219
1724305711.638696665,219
1724305711.642711879,219
1724305711.646808200,219
1724305711.650870309,219
1724305711.655067640,219
1724305711.659117627,219
1724305711.663244805,219
1724305711.667290610,219
1724305711.671362340,219
1724305711.675521079,219
1724305711.679710400,220
1724305711.683819875,220
1724305711.687903079,220
1724305711.691899388,221
1724305711.695962843,221
1724305711.700075683,221
1724305711.704191614,222
1724305711.708342567,223
1724305711.712379087,223
1724305711.716468088,224
1724305711.720503145,224
1724305711.724682130,225
1724305711.728761544,226
1724305711.732843351,226
1724305711.737137844,227
1724305711.741065617,228
1724305711.745207873,229
1724305711.749344685,229
1724305711.753278379,230
1724305711.757323191,230
1724305711.761487582,231
1724305711.765572461,232
1724305711.769740513,232
1724305711.773826366,233
1724305711.777853184,233
1724305711.781966720,234
1724305711.786037890,235
1724305711.790146897,236
1724305711.794282136,236
1724305711.798373708,237
1724305711.802461498,238
1724305711.806536259,239
1724305711.810619625,240
1724305711.814735582,241
1724305711.818874623,242
1724305711.822942760,243
1724305711.827069776,244
1724305711.831210213,245
1724305711.835119232,246
1724305711.839327401,248
1724305711.843345077,249
1724305711.847518640,250
1724305711.851603640,251
1724305711.855781683,253
1724305711.859772543,254
1724305711.863856587,255
1724305711.868035113,257
1724305711.872172280,258
1724305711.876242773,260
1724305711.880326910,261
1724305711.884337338,263
1724305711.888439045,264
1724305711.892548650,266
1724305711.896646812,267
1724305711.900782923,269
1724305711.904786446,270
1724305711.908895966,272
1724305711.913008372,273
1724305711.917101345,275
1724305711.921269735,277
1724305711.925360263,278
1724305711.929530827,279
1724305711.933591566,281
1724305711.937678027,282
1724305711.941727164,284
1724305711.945905415,285
1724305711.949881637,287
1724305711.954030287,288
1724305711.958121035,290
1724305711.962164946,292
1724305711.966288172,293
1724305711.970320907,295
1724305711.974452085,296
1724305711.978589476,298
1724305711.982603243,300
1724305711.985080500,301
1724305711.988604235,303
1724305711.992174926,305
1724305711.996802333,307
1724305712.000416605,308
1724305712.005007618,310
1724305712.008529166,312
1724305712.013187471,314
1724305712.016741668,316
1724305712.021355345,317
1724305712.024913264,319
1724305712.029498910,321
1724305712.033097662,323
1724305712.037153249,325
1724305712.041232841,327
1724305712.045356296,329
1724305712.049436065,331
1724305712.053550150,333
1724305712.057638068,335
1724305712.061768471,337
1724305712.065888885,339
1724305712.069910486,341
1724305712.074034573,343
1724305712.078119725,345
1724305712.082269559,347
1724305712.086387731,349
1724305712.090425846,351
1724305712.094510403,353
1724305712.098605820,355
1724305712.102659139,357
1724305712.106776622,359
1724305712.110875754,361
1724305712.115034558,363
1724305712.119065815,365
1724305712.123169290,367
1724305712.127238688,369
1724305712.131333404,372
1724305712.135461817,374
1724305712.139500911,376
1724305712.143637610,378
1724305712.147755499,381
1724305712.151849361,383
1724305712.155912762,385
1724305712.160008034,388
1724305712.164124109,390
1724305712.168206808,392
1724305712.172302450,395
1724305712.176368148,397
1724305712.180470426,399
1724305712.184576588,402
1724305712.188711589,404
1724305712.192786822,407
1724305712.196892417,409
1724305712.200986431,412
1724305712.205064606,414
1724305712.209191930,416
1724305712.213294197,419
1724305712.217338718,421
1724305712.221425520,424
1724305712.225540022,427
1724305712.229606110,429
1724305712.233741214,432
1724305712.237837005,434
1724305712.241893739,437
1724305712.245988042,439
1724305712.250073685,442
1724305712.254174701,444
1724305712.258312179,447
1724305712.262432420,449
1724305712.266506403,452
1724305712.270637865,454
1724305712.274685107,457
1724305712.278771082,459
1724305712.282888601,461
1724305712.287012548,464
1724305712.291122786,466
1724305712.295157875,469
1724305712.299186198,471
1724305712.303317403,473
1724305712.307435277,476
1724305712.311497961,478
1724305712.315604430,481
1724305712.319734828,483
1724305712.323872227,485
1724305712.327886620,488
1724305712.332024398,490
1724305712.336094015,493
1724305712.340185852,495
1724305712.344274105,498
1724305712.348339194,501
1724305712.352475156,503
1724305712.356530628,506
1724305712.360654101,508
1724305712.364844975,511
1724305712.368872701,513
1724305712.372996738,516
1724305712.377055632,519
1724305712.381160634,521
1724305712.385316612,524
1724305712.389423873,527
1724305712.393542632,529
1724305712.397628918,532
1724305712.401668535,535
1724305712.405735163,538
1724305712.409876872,541
1724305712.413937555,543
1724305712.418080926,546
1724305712.422134405,549
1724305712.426310920,552
1724305712.430336059,555
1724305712.434529037,558
1724305712.438563030,560
1724305712.442609335,563
1724305712.446916821,566
1724305712.451044339,569
1724305712.454999834,572
1724305712.459020193,575
1724305712.463080489,578
1724305712.467130807,581
1724305712.471254487,584
1724305712.475382148,587
1724305712.479541866,590
1724305712.483704615,593
1724305712.487725971,596
1724305712.491757189,599
1724305712.495886557,602
1724305712.499963078,605
1724305712.504063346,608
1724305712.508109580,611
1724305712.512287056,613
1724305712.516296090,616
1724305712.520368044,619
1724305712.524464289,622
1724305712.528606756,625
1724305712.532823600,628
1724305712.536357629,630
1724305712.540051101,633
1724305712.544547444,636
1724305712.548002988,638
1724305712.552890095,641
1724305712.556665077,644
1724305712.561176142,647
1724305712.564573554,649
1724305712.569205182,652
1724305712.572946832,655
1724305712.577646427,657
1724305712.580669991,660
1724305712.584773520,663
1724305712.588912174,665
1724305712.593041283,668
1724305712.597113137,671
1724305712.601180883,674
1724305712.605373057,677
1724305712.609542793,679
1724305712.613529987,682
1724305712.617662194,685
1724305712.621824425,688
1724305712.625995069,691
1724305712.630076298,694
1724305712.634064184,697
1724305712.638168167,699
1724305712.642293770,702
1724305712.646350764,705
1724305712.650492671,708
1724305712.654534466,711
1724305712.658630960,714
1724305712.662779919,717
1724305712.666849434,720
1724305712.670925433,723
1724305712.675012092,726
1724305712.679152061,729
1724305712.683148884,732
1724305712.687222003,735
1724305712.691405777,738
1724305712.695442721,741
1724305712.699700873,745
1724305712.703784305,748
1724305712.707803182,751
1724305712.711981715,754
1724305712.716097885,757
1724305712.720192989,760
1724305712.724239740,763
1724305712.728367808,766
1724305712.732478754,769
1724305712.736472411,772
1724305712.740581496,775
1724305712.744672205,778
1724305712.748830992,781
1724305712.753033144,785
1724305712.757102213,788
1724305712.761104805,791
1724305712.765132308,794
1724305712.769241120,797
1724305712.773341687,800
1724305712.777411966,803
1724305712.781478476,806
1724305712.785646195,809
1724305712.789586863,813
1724305712.793868275,816
1724305712.797949878,819
1724305712.801955297,822
1724305712.806117911,825
1724305712.810212588,828
1724305712.814305173,831
1724305712.818438851,834
1724305712.822470516,837
1724305712.826546540,840
1724305712.830698083,843
1724305712.834871801,846
1724305712.838821181,849
1724305712.842974558,852
1724305712.847096560,855
1724305712.851105934,858
1724305712.855289657,861
1724305712.859337492,863
1724305712.863393885,866
1724305712.867478129,869
1724305712.871696906,872
1724305712.875629180,875
1724305712.879732197,878
1724305712.883877651,881
1724305712.888005620,884
1724305712.892147825,887
1724305712.896355107,890
1724305712.900284385,893
1724305712.904517390,896
1724305712.908660685,899
1724305712.912526717,901
1724305712.916658640,904
1724305712.920862688,907
1724305712.924742265,910
1724305712.929009863,913
1724305712.932983076,916
1724305712.937240403,919
1724305712.941308584,922
1724305712.945290616,925
1724305712.949352585,928
1724305712.953567026,931
1724305712.957699874,934
1724305712.961780365,937
1724305712.965899931,940
1724305712.970003124,944
1724305712.973897491,947
1724305712.978271175,950
1724305712.982415663,953
1724305712.986408514,956
1724305712.990426141,959
1724305712.994642463,962
1724305712.998685313,965
1724305713.002958114,968
1724305713.006974051,971
1724305713.010960636,974
1724305713.014922931,977
1724305713.018971883,981
1724305713.023088605,984
1724305713.027072643,987
1724305713.031174109,990
1724305713.035400823,993
1724305713.039441368,996
1724305713.043558329,999
1724305713.047622666,1002
1724305713.051699683,1005
1724305713.055879752,1008
1724305713.059867372,1011
1724305713.063984658,1014
1724305713.068089122,1017
1724305713.072179092,1020
1724305713.076273815,1023
1724305713.080426467,1026
1724305713.082933540,1029
1724305713.086457469,1032
1724305713.090019420,1035
1724305713.094667561,1038
1724305713.098173146,1041
1724305713.102917375,1044
1724305713.106382183,1047
1724305713.111018063,1050
1724305713.114655611,1053
1724305713.119281938,1056
1724305713.122845470,1059
1724305713.127497899,1062
1724305713.131043527,1065
1724305713.134861103,1068
1724305713.139021056,1071
1724305713.143116359,1073
1724305713.147330974,1077
1724305713.151379765,1079
1724305713.155403810,1082
1724305713.159494072,1085
1724305713.163593372,1088
1724305713.167657211,1091
1724305713.171764711,1094
1724305713.175835388,1097
1724305713.179940047,1100
1724305713.184024889,1103
1724305713.188212904,1106
1724305713.192277807,1109
1724305713.196413129,1112
1724305713.200681568,1115
1724305713.204703803,1118
1724305713.208818855,1121
1724305713.212957472,1124
1724305713.216996444,1127
1724305713.220909561,1130
1724305713.225039196,1133
1724305713.229253466,1136
1724305713.233261082,1139
1724305713.237415527,1142
1724305713.241483525,1145
1724305713.245550778,1148
1724305713.249638271,1151
1724305713.253735660,1154
1724305713.257884843,1157
1724305713.261872930,1160
1724305713.266039670,1163
1724305713.270246024,1166
1724305713.274310157,1169
1724305713.278445297,1172
1724305713.282474756,1175
1724305713.286749975,1178
1724305713.290561094,1181
1724305713.294893270,1184
1724305713.298948939,1187
1724305713.302981586,1189
1724305713.307091012,1192
1724305713.311149759,1195
1724305713.315143499,1198
1724305713.319418701,1201
1724305713.323482156,1204
1724305713.327424033,1207
1724305713.331566271,1209
1724305713.335588005,1212
1724305713.339666567,1215
1724305713.343743095,1218
1724305713.347869175,1221
1724305713.351945803,1224
1724305713.356067366,1227
1724305713.360114551,1230
1724305713.364235311,1233
1724305713.368328246,1235
1724305713.372478902,1238
1724305713.376588541,1241
1724305713.380726468,1244
1724305713.384795319,1247
1724305713.388939475,1250
1724305713.393002191,1253
1724305713.396974682,1256
1724305713.401134909,1259
1724305713.405239391,1262
1724305713.409314931,1265
1724305713.413406638,1268
1724305713.417570692,1271
1724305713.421574415,1274
1724305713.425695471,1277
1724305713.429794952,1280
1724305713.433856360,1283
1724305713.437950554,1286
1724305713.442145007,1289
1724305713.446305623,1292
1724305713.450315971,1294
1724305713.454433672,1297
1724305713.458462389,1300
1724305713.462611746,1303
1724305713.466704452,1306
1724305713.470864460,1309
1724305713.475091132,1312
1724305713.479006009,1315
1724305713.510644414,1318
1724305713.510659132,1320
1724305713.510673100,1323
1724305713.510686015,1326
1724305713.510699097,1329
1724305713.510723995,1332
1724305713.510737592,1334
1724305713.511834721,1337
1724305713.515784782,1340
1724305713.519860322,1343
1724305713.523974740,1346
1724305713.528052329,1348
1724305713.532220404,1351
1724305713.536316176,1354
1724305713.540350133,1357
1724305713.544340925,1360
1724305713.548609369,1362
1724305713.552631946,1365
1724305713.556761402,1368
1724305713.560815688,1371
1724305713.565069428,1374
1724305713.569061901,1377
1724305713.573168697,1379
1724305713.577336652,1382
1724305713.581229708,1385
1724305713.585469855,1388
1724305713.589570486,1391
1724305713.593728402,1394
1724305713.597657387,1397
1724305713.601676366,1399
1724305713.606065447,1402
1724305713.610149498,1405
1724305713.614191484,1408
1724305713.618324253,1411
1724305713.622350985,1414
1724305713.629538540,1419
1724305713.633394730,1422
1724305713.637448263,1425
1724305713.641588250,1428
1724305713.645611309,1431
1724305713.649760882,1434
1724305713.653871582,1436
1724305713.658012426,1439
1724305713.662129342,1442
1724305713.666212793,1445
1724305713.670280941,1448
1724305713.674296918,1451
1724305713.678385049,1454
1724305713.682484927,1457
1724305713.686576448,1460
1724305713.690767452,1463
1724305713.694778927,1465
1724305713.698874629,1468
1724305713.703031564,1471
1724305713.707070043,1474
1724305713.711164728,1477
1724305713.715260876,1480
1724305713.719392260,1483
1724305713.723565989,1485
1724305713.727773892,1488
1724305713.731873732,1491
1724305713.735929564,1494
1724305713.740007569,1497
1724305713.744170307,1499
1724305713.748332377,1502
1724305713.752425357,1505
1724305713.756436599,1508
1724305713.760476100,1511
1724305713.764426956,1513
1724305713.768595156,1516
1724305713.772661719,1519
1724305713.776793277,1522
1724305713.780883383,1525
1724305713.784940956,1527
1724305713.789059744,1530
1724305713.793237314,1533
1724305713.797191902,1536
1724305713.801329385,1539
1724305713.805421462,1541
1724305713.809525489,1544
1724305713.813608328,1547
1724305713.816112237,1550
1724305713.819668990,1553
1724305713.823127635,1555
1724305713.827810660,1558
1724305713.831364190,1561
1724305713.836038328,1564
1724305713.839570632,1567
1724305713.844338871,1569
1724305713.847845221,1572
1724305713.852472922,1575
1724305713.856021904,1578
1724305713.860597263,1581
1724305713.864049453,1583
1724305713.868132517,1586
1724305713.872154748,1589
1724305713.876451526,1592
1724305713.880453518,1595
1724305713.884569923,1598
1724305713.888605701,1600
1724305713.892739767,1603
1724305713.896752523,1606
1724305713.900873188,1609
1724305713.905358946,1612
1724305713.909030416,1615
1724305713.913095623,1617
1724305713.917297131,1620
1724305713.921342939,1623
1724305713.925424513,1626
1724305713.929589637,1629
1724305713.933651554,1632
1724305713.937820269,1634
1724305713.941855915,1637
1724305713.945941651,1640
1724305713.950069298,1643
1724305713.954127979,1646
1724305713.958208180,1649
1724305713.962302841,1652
1724305713.966456142,1654
1724305713.970522618,1657
1724305713.974601462,1660
1724305713.978715901,1663
1724305713.982760004,1666
1724305713.986875387,1669
1724305713.991091816,1672
1724305713.995023107,1674
1724305713.999199944,1677
1724305714.003209221,1680
1724305714.007322149,1683
1724305714.011428645,1686
1724305714.015518939,1689
1724305714.019671733,1691
1724305714.023711306,1694
1724305714.027846315,1697
1724305714.031995427,1700
1724305714.036084911,1703
1724305714.040139493,1705
1724305714.044230451,1708
1724305714.048292477,1711
1724305714.052379804,1714
1724305714.056541538,1716
1724305714.060652983,1719
1724305714.064672952,1722
1724305714.068768681,1725
1724305714.072838293,1728
1724305714.077108965,1730
1724305714.081074654,1733
1724305714.085132299,1736
1724305714.089250650,1739
1724305714.093365963,1741
1724305714.097449197,1744
1724305714.101554975,1747
1724305714.105626289,1750
1724305714.109803242,1753
1724305714.113752794,1755
1724305714.117944174,1758
1724305714.122009112,1761
1724305714.126120457,1764
1724305714.130202454,1767
1724305714.134309952,1769
1724305714.138373465,1772
1724305714.142476279,1775
1724305714.146551989,1778
1724305714.150669083,1781
1724305714.154738441,1784
1724305714.158945161,1787
1724305714.163099599,1789
1724305714.167070671,1792
1724305714.171166444,1795
1724305714.175252050,1798
1724305714.179436421,1801
1724305714.183528361,1804
1724305714.187749244,1807
1724305714.191776140,1809
1724305714.195783321,1812
1724305714.199964587,1815
1724305714.203952485,1818
1724305714.207961758,1821
1724305714.212125774,1824
1724305714.216176921,1827
1724305714.220387888,1829
1724305714.224390553,1832
1724305714.228455160,1835
1724305714.232528391,1838
1724305714.236688940,1841
1724305714.240812776,1844
1724305714.244947513,1846
1724305714.249004415,1849
1724305714.253060194,1852
1724305714.257277219,1854
1724305714.261384284,1857
1724305714.265478240,1860
1724305714.269534878,1862
1724305714.273651543,1865
1724305714.277716200,1868
1724305714.281833430,1870
1724305714.285945735,1873
1724305714.289999346,1876
1724305714.294073145,1878
1724305714.298166526,1881
1724305714.302285235,1884
1724305714.306421326,1886
1724305714.310527038,1889
1724305714.314641449,1892
1724305714.318616272,1894
1724305714.322642568,1897
1724305714.326779654,1900
1724305714.330837684,1903
1724305714.335030059,1905
1724305714.339095639,1908
1724305714.343167720,1911
1724305714.347253067,1914
1724305714.351345839,1917
1724305714.355456573,1919
1724305714.359574037,1922
1724305714.363663085,1925
1724305714.367198827,1928
1724305714.370741303,1931
1724305714.375469244,1933
1724305714.379014408,1936
1724305714.383634410,1939
1724305714.387181375,1942
1724305714.391859479,1945
1724305714.395483954,1948
1724305714.400166482,1950
1724305714.403691754,1953
1724305714.408319352,1956
1724305714.411660362,1959
1724305714.415777007,1962
1724305714.419879586,1964
1724305714.423984096,1967
1724305714.428058663,1970
1724305714.432167693,1973
1724305714.436217468,1976
1724305714.440364999,1979
1724305714.444437501,1981
1724305714.448584074,1984
1724305714.452629364,1987
1724305714.456713945,1990
1724305714.461050139,1993
1724305714.465147825,1995
1724305714.469070593,1998
1724305714.473109615,2001
1724305714.477178565,2004
1724305714.481312813,2006
1724305714.485420300,2009
1724305714.489507753,2012
1724305714.493678294,2014
1724305714.497860768,2017
1724305714.501898960,2020
1724305714.506043121,2023
1724305714.510127295,2025
1724305714.514202111,2028
1724305714.518326335,2031
1724305714.522403033,2033
1724305714.526309279,2036
1724305714.530452666,2039
1724305714.534530115,2041
1724305714.538768001,2044
1724305714.542854593,2047
1724305714.546956050,2050
1724305714.550951285,2052
1724305714.555002365,2055
1724305714.559098423,2058
1724305714.563097253,2060
1724305714.567237278,2063
1724305714.571326586,2066
1724305714.575532856,2069
1724305714.579570265,2071
1724305714.583906423,2074
1724305714.587866655,2077
1724305714.591934623,2080
1724305714.595936123,2082
1724305714.600023206,2085
1724305714.604135352,2088
1724305714.608277284,2090
1724305714.612403909,2093
1724305714.616405634,2096
1724305714.620560800,2099
1724305714.624605270,2101
1724305714.628785551,2104
1724305714.632874450,2107
1724305714.637043547,2110
1724305714.641105451,2112
1724305714.645239897,2115
1724305714.649331996,2118
1724305714.653419705,2121
1724305714.657581926,2123
1724305714.661657849,2126
1724305714.665710078,2129
1724305714.669642347,2132
1724305714.673735152,2135
1724305714.677860623,2137
1724305714.682090237,2140
1724305714.686151717,2143
1724305714.690229436,2146
1724305714.694348468,2149
1724305714.698441211,2152
1724305714.702587343,2154
1724305714.706740928,2157
1724305714.710791091,2160
1724305714.714860026,2163
1724305714.718978226,2166
1724305714.722989267,2169
1724305714.727006056,2172
1724305714.731062378,2174
1724305714.735112405,2177
1724305714.739505777,2180
1724305714.743488222,2183
1724305714.747611379,2186
1724305714.751780527,2189
1724305714.755753056,2192
1724305714.759932292,2194
1724305714.763942283,2197
1724305714.768084042,2200
1724305714.772189250,2203
1724305714.776356975,2206
1724305714.780347906,2208
1724305714.784474080,2211
1724305714.788620371,2214
1724305714.792668305,2217
1724305714.796736439,2219
1724305714.800854004,2222
1724305714.805025744,2225
1724305714.808970448,2227
1724305714.813025981,2230
1724305714.817127982,2232
1724305714.821200574,2235
1724305714.825295972,2238
1724305714.829416647,2240
1724305714.833517354,2243
1724305714.837563785,2246
1724305714.841678538,2248
1724305714.845826599,2251
1724305714.849852954,2253
1724305714.853944545,2256
1724305714.858125593,2259
1724305714.862285010,2261
1724305714.866276417,2264
1724305714.870426959,2267
1724305714.874503795,2270
1724305714.878566663,2272
1724305714.882739530,2275
1724305714.886799895,2278
1724305714.890891580,2280
1724305714.894990253,2283
1724305714.899085782,2286
1724305714.903133516,2289
1724305714.907242190,2291
1724305714.911302521,2294
1724305714.913759442,2297
1724305714.917318662,2300
1724305714.920848810,2303
1724305714.925612692,2305
1724305714.929125882,2308
1724305714.933715358,2311
1724305714.937251950,2314
1724305714.941913409,2317
1724305714.945420890,2319
1724305714.950056100,2322
1724305714.953621807,2325
1724305714.958298342,2328
1724305714.961776267,2331
1724305714.965825322,2333
1724305714.970016134,2336
1724305714.974016729,2339
1724305714.978153754,2342
1724305714.982234655,2345
1724305714.986343926,2347
1724305714.990451304,2350
1724305714.994532190,2353
1724305714.998628262,2356
1724305715.002764689,2359
1724305715.006819678,2361
1724305715.010963689,2364
1724305715.015013163,2367
1724305715.019191419,2370
1724305715.023110612,2372
1724305715.027206690,2375
1724305715.031313209,2378
1724305715.035425172,2380
1724305715.039548592,2383
1724305715.043590068,2385
1724305715.047756796,2388
1724305715.051817597,2390
1724305715.055929277,2392
1724305715.060034253,2394
1724305715.064111780,2396
1724305715.068213443,2398
1724305715.072326634,2400
1724305715.076426621,2402
1724305715.080526974,2404
1724305715.084522733,2405
1724305715.088667821,2407
1724305715.092780422,2409
1724305715.096874337,2410
1724305715.101012546,2412
1724305715.105103678,2413
1724305715.109234746,2415
1724305715.113326774,2416
1724305715.117495498,2418
1724305715.121467727,2419
1724305715.125535146,2421
1724305715.129635415,2422
1724305715.133742893,2424
1724305715.137901273,2425
1724305715.141950955,2427
1724305715.146000960,2428
1724305715.150056327,2429
1724305715.154181688,2431
1724305715.158268867,2432
1724305715.162383990,2434
1724305715.166558908,2435
1724305715.170533021,2436
1724305715.174728272,2437
1724305715.178758725,2438
1724305715.182905858,2439
1724305715.186963909,2440
1724305715.191099042,2441
1724305715.195274249,2442
1724305715.199309886,2443
1724305715.203341134,2443
1724305715.207442223,2444
1724305715.211543219,2445
1724305715.215641580,2445
1724305715.219746725,2446
1724305715.223813243,2446
1724305715.227941631,2447
1724305715.232066021,2447
1724305715.236221853,2447
1724305715.240277766,2447
1724305715.244398062,2448
1724305715.248352544,2448
1724305715.252474771,2448
1724305715.256608840,2448
1724305715.260671925,2448
1724305715.264783899,2449
1724305715.268913548,2449
1724305715.272976161,2449
1724305715.277253410,2449
1724305715.281203053,2449
1724305715.285275488,2449
1724305715.289356558,2449
1724305715.293478849,2449
1724305715.297627268,2449
1724305715.301730285,2449
1724305715.305829419,2449
1724305715.309954725,2449
1724305715.313976410,2449
1724305715.318114492,2449
1724305715.322150941,2449
1724305715.326193577,2449
1724305715.330501239,2449
1724305715.334489671,2449
1724305715.338640152,2448
1724305715.342707456,2448
1724305715.346776634,2448
1724305715.350859795,2448
1724305715.354899085,2447
1724305715.359049524,2447
1724305715.363132922,2446
1724305715.367187247,2446
1724305715.371245323,2445
1724305715.375361162,2445
1724305715.379546282,2445
1724305715.383626960,2444
1724305715.387659825,2443
1724305715.391864990,2443
1724305715.395903413,2442
1724305715.400032332,2442
1724305715.404103129,2441
1724305715.408167007,2440
1724305715.412249005,2440
1724305715.416362003,2439
1724305715.420451206,2438
1724305715.424521554,2438
1724305715.428596813,2437
1724305715.432777241,2436
1724305715.436932218,2436
1724305715.440960484,2435
1724305715.445052511,2434
1724305715.449196678,2433
1724305715.453227368,2433
1724305715.457307485,2432
1724305715.461423838,2432
1724305715.465031569,2431
1724305715.468563429,2430
1724305715.473211566,2430
1724305715.476721085,2429
1724305715.481411039,2428
1724305715.484986318,2428
1724305715.489732535,2427
1724305715.493323154,2426
1724305715.498221632,2425
1724305715.501804256,2425
1724305715.506451599,2424
1724305715.509486340,2423
1724305715.513500469,2422
1724305715.517606071,2422
1724305715.521700339,2421
1724305715.525852915,2420
1724305715.529853074,2419
1724305715.534015493,2418
1724305715.538180754,2417
1724305715.542201261,2416
1724305715.546265410,2415
1724305715.550372925,2414
1724305715.554571617,2413
1724305715.558624389,2412
1724305715.562653330,2411
1724305715.566762972,2410
1724305715.570852683,2409
1724305715.575019612,2408
1724305715.578977198,2407
1724305715.583190797,2406
1724305715.587160356,2405
1724305715.591212115,2404
1724305715.595667320,2403
1724305715.599736231,2402
1724305715.603817000,2401
1724305715.607728378,2400
1724305715.611750653,2398
1724305715.615995279,2397
1724305715.619968562,2396
1724305715.624046121,2395
1724305715.628299616,2394
1724305715.632314252,2393
1724305715.636409144,2392
1724305715.640543952,2391
1724305715.644679662,2389
1724305715.648823544,2388
1724305715.652875956,2387
1724305715.656983670,2386
1724305715.661333816,2385
1724305715.665401776,2384
1724305715.669302793,2383
1724305715.673343019,2382
1724305715.677469254,2380
1724305715.681598277,2379
1724305715.685714790,2378
1724305715.689923072,2377
1724305715.693998066,2376
1724305715.698045352,2374
1724305715.702123089,2373
1724305715.706122352,2372
1724305715.710292484,2371
1724305715.714301872,2369
1724305715.718531801,2368
1724305715.722623014,2367
1724305715.726627753,2365
1724305715.730557118,2364
1724305715.734825843,2363
1724305715.738951965,2361
1724305715.742846660,2360
1724305715.746935985,2359
1724305715.751076416,2357
1724305715.755063182,2356
1724305715.759169864,2355
1724305715.763276769,2353
1724305715.767397827,2352
1724305715.771508593,2350
1724305715.775570065,2349
1724305715.779811806,2348
1724305715.783932359,2346
1724305715.787919985,2345
1724305715.791967357,2343
1724305715.796036368,2342
1724305715.800176837,2340
1724305715.804256528,2338
1724305715.808416187,2337
1724305715.812585124,2336
1724305715.816734222,2334
1724305715.820778922,2333
1724305715.824839325,2331
1724305715.829020177,2329
1724305715.832954961,2328
1724305715.837011859,2326
1724305715.841235725,2325
1724305715.845332415,2324
1724305715.849338291,2322
1724305715.853409715,2321
1724305715.857546872,2319
1724305715.861697886,2317
1724305715.865748141,2316
1724305715.869988674,2314
1724305715.874086241,2313
1724305715.878103738,2311
1724305715.882150136,2310
1724305715.886304181,2308
1724305715.890428501,2307
1724305715.894487389,2305
1724305715.898568974,2304
1724305715.902658697,2302
1724305715.906663463,2301
1724305715.910805905,2299
1724305715.914991318,2297
1724305715.919149587,2296
1724305715.923241729,2294
1724305715.927281098,2292
1724305715.931241197,2291
1724305715.935351272,2289
1724305715.939342455,2287
1724305715.943520158,2286
1724305715.947701118,2284
1724305715.951900400,2282
1724305715.956012784,2281
1724305715.959989683,2279
1724305715.964019918,2277
1724305715.968143621,2275
1724305715.972162087,2274
1724305715.976270459,2272
1724305715.980556340,2270
1724305715.984806901,2268
1724305715.987318557,2267
1724305715.990946083,2265
1724305715.996843821,2263
1724305716.000993282,2261
1724305716.004907955,2260
1724305716.009189042,2258
1724305716.013367630,2256
1724305716.015838198,2254
1724305716.019434095,2253
1724305716.023006565,2251
1724305716.027664084,2249
1724305716.031233432,2247
1724305716.035809775,2245
1724305716.039393301,2244
1724305716.044111662,2242
1724305716.047753791,2240
1724305716.051354039,2239
1724305716.055407222,2237
1724305716.060042815,2235
1724305716.063524169,2233
1724305716.067646184,2231
1724305716.071995466,2229
1724305716.076022149,2228
1724305716.080079695,2226
1724305716.084033078,2224
1724305716.088267203,2222
1724305716.092273843,2220
1724305716.096305650,2218
1724305716.100337712,2216
1724305716.104379636,2215
1724305716.108609461,2213
1724305716.112745303,2211
1724305716.116769418,2209
1724305716.120843817,2207
1724305716.125011676,2205
1724305716.133242799,2202
1724305716.137567356,2200
1724305716.141300581,2198
1724305716.145474747,2196
1724305716.149624306,2194
1724305716.153597423,2192
1724305716.157680618,2190
1724305716.161828688,2188
1724305716.165887456,2186
1724305716.170018802,2184
1724305716.174150417,2182
1724305716.178235585,2180
1724305716.182356253,2178
1724305716.186420030,2176
1724305716.190519886,2174
1724305716.194595707,2172
1724305716.198380201,2170
1724305716.201880974,2168
1724305716.206589470,2166
1724305716.210075081,2164
1724305716.214734650,2162
1724305716.218255824,2160
1724305716.222792914,2158
1724305716.226511804,2156
1724305716.231059579,2154
1724305716.234606146,2152
1724305716.239161933,2150
1724305716.242931867,2148
1724305716.246773051,2146
1724305716.250791434,2144
1724305716.254890250,2142
1724305716.259076393,2140
1724305716.263044597,2138
1724305716.267162386,2136
1724305716.271194811,2134
1724305716.275350190,2132
1724305716.279463411,2130
1724305716.283568004,2128
1724305716.287755142,2126
1724305716.291705487,2124
1724305716.295847357,2122
1724305716.299965322,2120
1724305716.304071411,2118
1724305716.308124715,2116
1724305716.312200302,2114
1724305716.316333445,2111
1724305716.320421207,2109
1724305716.324481603,2107
1724305716.328579482,2105
1724305716.332681878,2103
1724305716.336761802,2101
1724305716.340862098,2099
1724305716.344976087,2097
1724305716.349063616,2095
1724305716.353188666,2093
1724305716.357267301,2090
1724305716.361349834,2088
1724305716.365422184,2086
1724305716.369565853,2084
1724305716.373641413,2082
1724305716.377700002,2080
1724305716.381816821,2077
1724305716.386037533,2075
1724305716.389976126,2073
1724305716.394112089,2071
1724305716.398204572,2069
1724305716.402299908,2067
1724305716.406355328,2064
1724305716.410518975,2062
1724305716.414635018,2060
1724305716.418649105,2058
1724305716.422733101,2056
1724305716.426966276,2053
1724305716.430991229,2051
1724305716.435080073,2049
1724305716.439097428,2047
1724305716.443237467,2045
1724305716.447265711,2043
1724305716.451398650,2040
1724305716.455527929,2038
1724305716.459613229,2036
1724305716.463714564,2034
1724305716.467835328,2032
1724305716.471926073,2029
1724305716.476070789,2027
1724305716.480167871,2025
1724305716.484280544,2023
1724305716.488278669,2021
1724305716.492423398,2019
1724305716.496505765,2016
1724305716.500627357,2014
1724305716.504642076,2012
1724305716.508703645,2010
1724305716.512839761,2008
1724305716.516979020,2005
1724305716.521023321,2003
1724305716.525123511,2001
1724305716.529263710,1999
1724305716.533374995,1996
1724305716.537401133,1994
1724305716.541508797,1992
1724305716.545620221,1990
1724305716.549706323,1987
1724305716.553812756,1985
1724305716.557969190,1983
1724305716.561963685,1981
1724305716.566095753,1978
1724305716.570147498,1976
1724305716.574230117,1974
1724305716.578345641,1971
1724305716.582549016,1969
1724305716.586574402,1967
1724305716.590703249,1964
1724305716.594893051,1962
1724305716.598910979,1960
1724305716.603068896,1957
1724305716.607277479,1955
1724305716.611296515,1953
1724305716.615405078,1951
1724305716.619433585,1948
1724305716.623486873,1946
1724305716.627585985,1944
1724305716.631679853,1941
1724305716.635799901,1939
1724305716.639905873,1937
1724305716.644043686,1935
1724305716.648123668,1932
1724305716.652181546,1930
1724305716.656309976,1928
1724305716.660377035,1925
1724305716.664455730,1923
1724305716.668547532,1921
1724305716.672700214,1919
1724305716.676808431,1917
1724305716.680870610,1914
1724305716.685018722,1912
1724305716.689178984,1910
1724305716.693256537,1907
1724305716.697261350,1905
1724305716.701349461,1903
1724305716.705341892,1901
1724305716.709418273,1898
1724305716.713566910,1896
1724305716.717783099,1894
1724305716.721731241,1891
1724305716.725804239,1889
1724305716.730140377,1887
1724305716.734124274,1884
1724305716.738113004,1882
1724305716.742235844,1880
1724305716.746373882,1877
1724305716.749048690,1875
1724305716.752690336,1873
1724305716.756378831,1870
1724305716.759896135,1868
1724305716.764558756,1865
1724305716.769094889,1863
1724305716.772747141,1861
1724305716.776438943,1858
1724305716.780926381,1856
1724305716.785357201,1853
1724305716.788978553,1851
1724305716.792713730,1849
1724305716.796766192,1846
1724305716.800922812,1844
1724305716.805026046,1841
1724305716.809129331,1839
1724305716.813249217,1836
1724305716.817338995,1834
1724305716.821430996,1831
1724305716.825595003,1829
1724305716.829476372,1826
1724305716.833618654,1824
1724305716.837742502,1821
1724305716.841975563,1819
1724305716.845971300,1817
1724305716.850077049,1814
1724305716.854079607,1812
1724305716.858188848,1809
1724305716.862382381,1806
1724305716.866442884,1804
1724305716.870625986,1801
1724305716.874724910,1799
1724305716.878737754,1796
1724305716.882770062,1794
1724305716.886830329,1791
1724305716.890977983,1789
1724305716.894979967,1786
1724305716.899078810,1784
1724305716.903255191,1782
1724305716.907318349,1779
1724305716.911468385,1777
1724305716.915559604,1774
1724305716.919614326,1772
1724305716.923664209,1770
1724305716.927761617,1768
1724305716.931897735,1765
1724305716.935974649,1763
1724305716.940113148,1761
1724305716.944332680,1758
1724305716.948326797,1756
1724305716.952412258,1754
1724305716.956446210,1752
1724305716.960531189,1749
1724305716.964796545,1747
1724305716.968778213,1745
1724305716.972902385,1742
1724305716.976951558,1740
1724305716.981085393,1738
1724305716.985146306,1735
1724305716.989273211,1733
1724305716.993468080,1731
1724305716.997430359,1728
1724305717.001592019,1726
1724305717.005652743,1724
1724305717.009792315,1721
1724305717.013869219,1719
1724305717.017948655,1716
1724305717.022071574,1714
1724305717.026286656,1711
1724305717.030219369,1709
1724305717.034317612,1706
1724305717.038406834,1704
1724305717.042480759,1701
1724305717.046595677,1699
1724305717.050659037,1696
1724305717.054761672,1694
1724305717.058897754,1691
1724305717.062993566,1688
1724305717.066993091,1686
1724305717.071069108,1683
1724305717.075143399,1681
1724305717.079287131,1678
1724305717.083327241,1676
1724305717.087551906,1673
1724305717.091619567,1671
1724305717.095725386,1668
1724305717.099785434,1665
1724305717.103954004,1663
1724305717.108064100,1660
1724305717.112059395,1658
1724305717.116251519,1655
1724305717.120351272,1653
1724305717.124435022,1650
1724305717.128421948,1647
1724305717.132549407,1645
1724305717.136671486,1642
1724305717.140758274,1640
1724305717.144859102,1637
1724305717.149039740,1635
1724305717.153113777,1632
1724305717.157226202,1630
1724305717.161201410,1628
1724305717.165330669,1625
1724305717.169435400,1623
1724305717.173514668,1621
1724305717.177610103,1618
1724305717.181674196,1616
1724305717.185834595,1613
1724305717.189881138,1611
1724305717.194117933,1609
1724305717.198170092,1607
1724305717.202224311,1604
1724305717.206342172,1602
1724305717.210454587,1600
1724305717.214457310,1597
1724305717.218554302,1595
1724305717.222663018,1592
1724305717.226777902,1590
1724305717.230841736,1588
1724305717.235001225,1585
1724305717.239050875,1583
1724305717.243371241,1580
1724305717.247528289,1578
1724305717.251483228,1576
1724305717.255569719,1573
1724305717.259702730,1571
1724305717.263843446,1568
1724305717.267951549,1565
1724305717.272233835,1563
1724305717.276107012,1560
1724305717.280436967,1558
1724305717.284389610,1555
1724305717.288336491,1553
1724305717.292396863,1550
1724305717.296545793,1548
1724305717.300166167,1545
1724305717.303737117,1542
1724305717.308456894,1540
1724305717.311998708,1537
1724305717.316828603,1534
1724305717.320336574,1532
1724305717.325011952,1529
1724305717.328647963,1527
1724305717.332247482,1524
1724305717.337115476,1521
1724305717.340843191,1519
1724305717.344604140,1516
1724305717.348713218,1513
1724305717.352912553,1511
1724305717.356896164,1508
1724305717.361001445,1505
1724305717.365106548,1503
1724305717.369326888,1500
1724305717.373306816,1498
1724305717.377468874,1495
1724305717.381503069,1493
1724305717.385681020,1490
1724305717.389729946,1488
1724305717.393706996,1485
1724305717.397932956,1482
1724305717.401944401,1480
1724305717.406153119,1477
1724305717.410279842,1475
1724305717.414380440,1473
1724305717.418427318,1470
1724305717.422495238,1468
1724305717.426588340,1466
1724305717.430748999,1463
1724305717.434777414,1461
1724305717.438830844,1459
1724305717.442960077,1456
1724305717.446827407,1454
1724305717.451088559,1452
1724305717.455135800,1449
1724305717.459296365,1447
1724305717.463454069,1445
1724305717.467350478,1442
1724305717.471527310,1440
1724305717.475642049,1437
1724305717.479640560,1435
1724305717.483687831,1433
1724305717.487826438,1430
1724305717.491962152,1428
1724305717.496075757,1425
1724305717.500188938,1423
1724305717.504264729,1420
1724305717.508295774,1418
1724305717.512518044,1415
1724305717.516585907,1413
1724305717.520718113,1410
1724305717.524763890,1408
1724305717.528743907,1405
1724305717.533009433,1402
1724305717.537129731,1400
1724305717.541049780,1397
1724305717.545261692,1394
1724305717.549469194,1392
1724305717.553558958,1389
1724305717.557560055,1387
1724305717.561644513,1384
1724305717.565752758,1381
1724305717.569914762,1379
1724305717.574075121,1376
1724305717.578096207,1373
1724305717.582198223,1371
1724305717.586313223,1368
1724305717.590450014,1365
1724305717.594520380,1363
1724305717.598540554,1360
1724305717.602624916,1358
1724305717.606686603,1355
1724305717.610834874,1352
1724305717.614967749,1350
1724305717.618940855,1347
1724305717.623125570,1345
1724305717.627215578,1342
1724305717.631259147,1340
1724305717.635428356,1337
1724305717.639519782,1335
1724305717.643618255,1332
1724305717.647708994,1330
1724305717.651804094,1327
1724305717.655870288,1325
1724305717.659951433,1322
1724305717.664071202,1320
1724305717.668167124,1317
1724305717.672262737,1315
1724305717.676391352,1313
1724305717.680446989,1310
1724305717.684524734,1308
1724305717.688609508,1306
1724305717.692730748,1303
1724305717.696853281,1301
1724305717.700763643,1299
1724305717.705098786,1296
1724305717.709146691,1294
1724305717.713144532,1291
1724305717.717114623,1289
1724305717.721292688,1287
1724305717.725289474,1284
1724305717.729393863,1282
1724305717.733458223,1279
1724305717.737668413,1277
1724305717.741676863,1274
1724305717.745764383,1272
1724305717.749850951,1269
1724305717.753938069,1267
1724305717.758029664,1264
1724305717.762157239,1262
1724305717.766260920,1259
1724305717.770382563,1257
1724305717.774520722,1254
1724305717.778575306,1251
1724305717.782605413,1249
1724305717.786725277,1246
1724305717.790982443,1243
1724305717.795003821,1241
1724305717.799095151,1238
1724305717.803099433,1235
1724305717.807102819,1233
1724305717.811255101,1230
1724305717.815399286,1228
1724305717.819495019,1225
1724305717.823598929,1222
1724305717.827735747,1220
1724305717.831881240,1217
1724305717.835987317,1214
1724305717.840057517,1212
1724305717.844072698,1209
1724305717.846602154,1206
1724305717.850172452,1204
1724305717.853683638,1201
1724305717.858415978,1198
1724305717.862036819,1196
1724305717.866633910,1193
1724305717.870225186,1190
1724305717.874832756,1188
1724305717.878363051,1185
1724305717.883086464,1183
1724305717.886638901,1180
1724305717.891238511,1178
1724305717.894472854,1175
1724305717.898578883,1173
1724305717.902681506,1170
1724305717.906768330,1168
1724305717.910866250,1165
1724305717.914971294,1163
1724305717.919048545,1160
1724305717.923261743,1158
1724305717.927178188,1155
1724305717.931264549,1153
1724305717.935363345,1150
1724305717.939470690,1148
1724305717.943568508,1145
1724305717.947757440,1143
1724305717.951896349,1141
1724305717.955945367,1138
1724305717.960086307,1136
1724305717.964158808,1133
1724305717.968198665,1131
1724305717.972303666,1128
1724305717.976445439,1125
1724305717.980542690,1123
1724305717.984614424,1120
1724305717.988762767,1118
1724305717.992842039,1115
1724305717.996885544,1113
1724305718.001066501,1110
1724305718.005049827,1108
1724305718.009224470,1105
1724305718.013332331,1103
1724305718.017381743,1100
1724305718.021463138,1097
1724305718.025631277,1095
1724305718.029667128,1092
1724305718.033773902,1090
1724305718.037859410,1087
1724305718.041967099,1084
1724305718.046075918,1082
1724305718.050104485,1079
1724305718.054217865,1077
1724305718.058322306,1074
1724305718.062402963,1071
1724305718.066473708,1069
1724305718.070590426,1066
1724305718.074634294,1063
1724305718.078779279,1061
1724305718.082897984,1058
1724305718.086937304,1055
1724305718.091038104,1053
1724305718.095132579,1050
1724305718.099250272,1048
1724305718.103297177,1045
1724305718.107422599,1042
1724305718.111520658,1040
1724305718.115632561,1037
1724305718.119726244,1034
1724305718.123860858,1032
1724305718.127904495,1029
1724305718.132023971,1026
1724305718.136121372,1024
1724305718.140388352,1021
1724305718.144490275,1018
1724305718.148518780,1016
1724305718.152560720,1013
1724305718.156704870,1011
1724305718.160685439,1008
1724305718.164918604,1005
1724305718.169002100,1003
1724305718.173096301,1000
1724305718.177153822,998
1724305718.181194342,995
1724305718.185334341,993
1724305718.189355548,990
1724305718.193456954,987
1724305718.197534224,985
1724305718.201661452,982
1724305718.205748346,980
1724305718.209807210,977
1724305718.213963929,975
1724305718.218062192,972
1724305718.222163023,970
1724305718.226222018,967
1724305718.230291641,964
1724305718.234576566,962
1724305718.238500681,959
1724305718.242639429,957
1724305718.246697553,954
1724305718.250745190,952
1724305718.254935215,949
1724305718.258993527,947
1724305718.263053668,944
1724305718.267228048,941
1724305718.271285426,939
1724305718.275359254,936
1724305718.279514026,934
1724305718.283530497,931
1724305718.287713438,929
1724305718.291935602,926
1724305718.296045819,923
1724305718.300119704,921
1724305718.304086109,918
1724305718.308143826,916
1724305718.312247082,913
1724305718.316270292,910
1724305718.320376951,908
1724305718.324786785,905
1724305718.328658721,903
1724305718.332642335,900
1724305718.336782960,898
1724305718.340913975,895
1724305718.345040081,893
1724305718.349090380,890
1724305718.353209919,888
1724305718.357334189,885
1724305718.361406737,883
1724305718.365486078,880
1724305718.369566288,877
1724305718.373638628,875
1724305718.377723861,873
1724305718.381801534,870
1724305718.385941805,868
1724305718.390116330,865
1724305718.394169285,863
1724305718.397672921,860
1724305718.401258500,858
1724305718.405955905,856
1724305718.409451551,853
1724305718.414089142,851
1724305718.417747618,848
1724305718.422466548,846
1724305718.425970322,844
1724305718.430512130,841
1724305718.434011154,839
1724305718.438604212,837
1724305718.442154755,834
1724305718.446306777,832
1724305718.450329387,830
1724305718.454491515,828
1724305718.458518462,825
1724305718.462629733,823
1724305718.466778221,821
1724305718.470892354,819
1724305718.474916173,817
1724305718.478990592,814
1724305718.483319083,812
1724305718.487219222,810
1724305718.491350265,808
1724305718.495416374,806
1724305718.499542303,804
1724305718.503681770,802
1724305718.507680000,800
1724305718.511748324,797
1724305718.515866748,796
1724305718.519984099,793
1724305718.524019557,791
1724305718.528289272,789
1724305718.532336329,787
1724305718.536341591,785
1724305718.540461802,783
1724305718.544556347,781
1724305718.548632637,779
1724305718.552720387,777
1724305718.556904709,775
1724305718.560895140,773
1724305718.564946148,771
1724305718.569160355,769
1724305718.573288112,767
1724305718.577359683,765
1724305718.581336680,763
1724305718.585691057,761
1724305718.589643500,759
1724305718.593857667,757
1724305718.597892300,755
1724305718.602021004,753
1724305718.606212731,751
1724305718.610225621,749
1724305718.614358259,747
1724305718.618436044,745
1724305718.622549247,743
1724305718.626557208,741
1724305718.630775508,739
1724305718.636168009,736
1724305718.640326086,734
1724305718.644306928,732
1724305718.648418242,730
1724305718.652519705,728
1724305718.656621393,726
1724305718.660638223,724
1724305718.664701984,722
1724305718.668908089,721
1724305718.672837578,719
1724305718.676940406,717
1724305718.681161720,715
1724305718.685159508,713
1724305718.689201263,712
1724305718.693168160,710
1724305718.697406267,708
1724305718.701584506,707
1724305718.705544981,705
1724305718.709531139,703
1724305718.713766863,702
1724305718.717934655,700
1724305718.721988782,699
1724305718.726146940,697
1724305718.730358491,696
1724305718.734233226,694
1724305718.738245722,693
1724305718.742406604,692
1724305718.746385906,690
1724305718.750610114,689
1724305718.754625973,687
1724305718.758747941,686
1724305718.762793124,685
1724305718.766934612,683
1724305718.771048934,682
1724305718.775101875,681
1724305718.779269089,680
1724305718.783442518,678
1724305718.787442615,677
1724305718.791626284,676
1724305718.795722718,674
1724305718.799700584,673
1724305718.803829158,672
1724305718.807946085,671
1724305718.812096042,670
1724305718.816201853,668
1724305718.820205003,667
1724305718.824223037,666
1724305718.828576549,665
1724305718.832424220,664
1724305718.836508347,662
1724305718.840793566,661
1724305718.844861254,660
1724305718.849079815,658
1724305718.853119117,657
1724305718.857238613,656
1724305718.861111983,654
1724305718.865117694,653
1724305718.869374875,652
1724305718.873428376,650
1724305718.877542074,649
1724305718.881592475,648
1724305718.885705223,646
1724305718.889780870,645
1724305718.893852636,644
1724305718.897991786,643
1724305718.902027458,641
1724305718.906110462,640
1724305718.910191427,639
1724305718.914305795,637
1724305718.918494849,636
1724305718.922602999,635
1724305718.926616368,634
1724305718.930656012,633
1724305718.934895932,631
1724305718.938980456,630
1724305718.943084197,629
1724305718.947059214,628
1724305718.951296566,627
1724305718.955520923,626
1724305718.959584834,625
1724305718.963689950,623
1724305718.967740451,622
1724305718.971742728,621
1724305718.975973845,620
1724305718.979944561,619
1724305718.984048012,618
1724305718.988098585,617
1724305718.992116493,616
1724305718.996408358,615
1724305719.000500242,614
1724305719.004472653,613
1724305719.008572209,612
1724305719.012721748,611
1724305719.016842072,610
1724305719.020913782,609
1724305719.024889055,608
1724305719.029151188,607
1724305719.033197734,606
1724305719.037295512,605
1724305719.041432689,605
1724305719.045537067,604
1724305719.049533779,603
1724305719.053642096,602
1724305719.057725824,601
1724305719.061902210,600
1724305719.065934632,599
1724305719.070136427,598
1724305719.074191836,597
1724305719.078370919,597
1724305719.082384792,596
1724305719.086479390,595
1724305719.090540863,594
1724305719.094589347,593
1724305719.098653681,592
1724305719.102814160,591
1724305719.106959114,590
1724305719.111031490,590
1724305719.115027794,589
1724305719.119116702,588
1724305719.123212621,587
1724305719.127327635,586
1724305719.130873726,585
1724305719.134407443,585
1724305719.139074547,584
1724305719.142651030,583
1724305719.147301475,582
1724305719.150928291,581
1724305719.155630656,581
1724305719.159188384,580
1724305719.163836808,579
1724305719.167392242,578
1724305719.172074313,578
1724305719.175406176,577
1724305719.179401000,576
1724305719.183488361,576
1724305719.187602649,575
1724305719.191702728,574
1724305719.195813626,573
1724305719.199889646,573
1724305719.204004255,572
1724305719.208085210,572
1724305719.212291044,571
1724305719.216279711,570
1724305719.220354826,570
1724305719.224522286,569
1724305719.228574909,569
1724305719.232680237,568
1724305719.236779793,567
1724305719.240863723,567
1724305719.244913061,566
1724305719.249159280,566
1724305719.253279613,565
1724305719.257319134,565
1724305719.261344396,564
1724305719.265448908,563
1724305719.269552592,563
1724305719.273653518,562
1724305719.277767770,562
1724305719.281847492,561
1724305719.285861451,561
1724305719.290129406,560
1724305719.294125276,559
1724305719.298178019,559
1724305719.302239252,558
1724305719.306372041,558
1724305719.310505580,557
1724305719.314518955,557
1724305719.318688143,556
1724305719.322780085,556
1724305719.326836962,555
1724305719.330981371,555
1724305719.335077711,554
1724305719.339227701,554
1724305719.343179659,554
1724305719.347314538,553
1724305719.351457654,553
1724305719.355516094,552
1724305719.359719649,552
1724305719.363718649,552
1724305719.367816573,551
1724305719.371949687,551
1724305719.376081247,550
1724305719.380119402,550
1724305719.384277795,550
1724305719.388269201,549
1724305719.392424583,549
1724305719.396509177,549
1724305719.400568530,549
1724305719.404677334,548
1724305719.408741870,548
1724305719.412858659,548
1724305719.417017037,547
1724305719.421064191,547
1724305719.425207142,547
1724305719.429223635,547
1724305719.433317698,546
1724305719.437386679,546
1724305719.441535177,546
1724305719.445614082,546
1724305719.449781209,545
1724305719.453826558,545
1724305719.457935111,545
1724305719.462075272,545
1724305719.466124866,545
1724305719.470241461,544
1724305719.474279473,544
1724305719.478419919,544
1724305719.482482151,544
1724305719.486583256,544
1724305719.490726064,543
1724305719.494751416,543
1724305719.498946661,543
1724305719.502984703,543
1724305719.507021905,543
1724305719.511162423,542
1724305719.515240244,542
1724305719.519328874,542
1724305719.523442174,542
1724305719.527656448,542
1724305719.531802645,542
1724305719.535715377,541
1724305719.539908803,541
1724305719.543911197,541
1724305719.548050882,541
1724305719.552202124,541
1724305719.556225089,541
1724305719.560266830,541
1724305719.564424867,541
1724305719.568541607,541
1724305719.572683202,541
1724305719.576673589,541
1724305719.580783844,541
1724305719.584949368,541
1724305719.589032793,541
1724305719.593156223,541
1724305719.597204097,540
1724305719.601319935,540
1724305719.605454208,540
1724305719.609796990,540
1724305719.613778992,540
1724305719.617783541,540
1724305719.621846375,540
1724305719.625899138,540
1724305719.629920197,540
1724305719.633984508,540
1724305719.638185325,540
1724305719.642265445,540
1724305719.646298840,540
1724305719.650411386,540
1724305719.654508607,540
1724305719.658648409,540
1724305719.662707200,540
1724305719.666773586,540
1724305719.670928210,540
1724305719.675064817,540
1724305719.677438630,540
1724305719.681189215,540
1724305719.684737512,540
1724305719.689362182,540
1724305719.693009399,540
1724305719.697645053,540
1724305719.701245692,540
1724305719.705906204,540
1724305719.709511870,540
1724305719.714123107,540
1724305719.717657616,540
1724305719.722351425,540
1724305719.725445058,540
1724305719.729616483,540
1724305719.733779035,540
1724305719.737878505,540
1724305719.741956083,540
1724305719.746067760,540
1724305719.750034656,540
1724305719.754223522,540
1724305719.758278439,540
1724305719.762338169,540
1724305719.766565634,540
1724305719.770522140,540
1724305719.774611398,540
1724305719.778691265,540
1724305719.782814148,540
1724305719.786953405,540
1724305719.791059808,540
1724305719.795073398,540
1724305719.799063272,540
1724305719.803194167,540
1724305719.807300161,540
1724305719.811393389,540
1724305719.815454198,540
1724305719.819505888,540
1724305719.823655162,540
1724305719.827744302,540
1724305719.831874507,540
1724305719.836026161,540
1724305719.840071246,540
1724305719.844128297,540
1724305719.848231888,540
1724305719.852339377,540
1724305719.856461853,540
1724305719.860447612,540
1724305719.864595988,540
1724305719.868733862,540
1724305719.872820107,540
1724305719.876900063,540
1724305719.880984094,540
1724305719.885073932,540
1724305719.889247457,540
1724305719.893305642,540
1724305719.897444400,540
1724305719.901485382,540
1724305719.905707572,540
1724305719.909714510,540
1724305719.913784111,540
1724305719.917879769,540
1724305719.922022804,540
1724305719.926061237,540
1724305719.930152900,540
1724305719.934228315,540
1724305719.938333663,540
1724305719.942425126,540
1724305719.946594381,540
1724305719.950647366,540
1724305719.954754478,540
1724305719.958903865,540
1724305719.962891415,540
1724305719.967020411,540
1724305719.971126680,540
1724305719.975172061,540
1724305719.979296550,540
1724305719.983541557,540
1724305719.987520527,540
1724305719.991586346,540
1724305719.995651404,540
1724305719.999764583,540
1724305720.003803437,540
1724305720.007935772,540
1724305720.012054646,540
1724305720.016087484,540
1724305720.020205725,540
1724305720.024333291,540
1724305720.028521753,540
1724305720.032672043,540
1724305720.036603502,540
1724305720.040725629,540
1724305720.044920530,540
1724305720.049095789,540
1724305720.053036310,540
1724305720.057187806,540
1724305720.061284789,540
1724305720.065378019,540
1724305720.069556663,540
1724305720.073617276,540
1724305720.077691309,540
1724305720.081768701,540
1724305720.085835355,540
1724305720.089974481,540
1724305720.094133336,540
1724305720.098165867,540
1724305720.102268906,540
1724305720.106338751,540
1724305720.110520716,540
1724305720.114543822,540
1724305720.118626010,540
1724305720.122718461,540
1724305720.126825963,540
1724305720.130941785,540
1724305720.135037543,540
1724305720.139177156,540
1724305720.143195527,540
1724305720.147219158,540
1724305720.151406786,540
1724305720.155486327,540
1724305720.159597476,540
1724305720.163693998,540
1724305720.167859710,540
1724305720.171872533,540
1724305720.175952993,540
1724305720.180129151,540
1724305720.184166199,540
1724305720.188197665,540
1724305720.192302905,540
1724305720.196397677,540
1724305720.200410547,540
1724305720.204562752,540
