Timestamp,Orientation_x,Orientation_y,Orientation_z,Orientation_w,Angular_Velocity_x,Angular_Velocity_y,Angular_Velocity_z,Linear_Acceleration_x,Linear_Acceleration_y,Linear_Acceleration_z
1724289494.267909,0.708342,-0.006290,0.705796,0.007821,-0.005072,0.090017,-0.011795,9.774288,-0.188288,0.127486
1724289494.278100,0.708001,-0.006243,0.706138,0.007880,0.001019,0.091581,-0.015472,9.827244,-0.196133,0.182404
1724289494.289415,0.707665,-0.006170,0.706475,0.007956,0.005576,0.089857,-0.021948,9.871374,-0.182404,0.246147
1724289494.300941,0.707338,-0.006107,0.706801,0.008087,-0.004883,0.086134,-0.028102,9.912562,-0.164752,0.302045
1724289494.310869,0.707038,-0.006046,0.707100,0.008257,-0.013715,0.078758,-0.033287,9.963556,-0.138274,0.354020
1724289494.320883,0.706777,-0.005945,0.707360,0.008420,-0.010395,0.067665,-0.035741,10.000822,-0.097086,0.388343
1724289494.330879,0.706565,-0.005789,0.707572,0.008506,0.008015,0.055463,-0.032755,10.020435,-0.073550,0.409918
1724289494.340919,0.706394,-0.005600,0.707745,0.008510,0.024344,0.046021,-0.026789,10.029261,-0.067666,0.431493
1724289494.350889,0.706247,-0.005413,0.707894,0.008453,0.033128,0.036420,-0.018935,10.013570,-0.083357,0.455029
1724289494.360913,0.706144,-0.005243,0.707998,0.008375,0.035027,0.023270,-0.014066,9.985131,-0.114738,0.464835
1724289494.370909,0.706099,-0.005127,0.708045,0.008330,0.025850,0.007018,-0.011420,9.948846,-0.140235,0.455029
1724289494.380876,0.706114,-0.005079,0.708031,0.008344,0.007629,-0.009107,-0.010025,9.913542,-0.137293,0.421686
1724289494.390881,0.706181,-0.005080,0.707962,0.008401,-0.007257,-0.023672,-0.009172,9.892949,-0.139254,0.372653
1724289494.401803,0.706289,-0.005083,0.707854,0.008451,-0.007945,-0.035921,-0.008060,9.861567,-0.142196,0.315774
1724289494.412958,0.706411,-0.005051,0.707732,0.008467,0.001121,-0.040664,-0.007929,9.813515,-0.136312,0.253012
1724289494.423113,0.706531,-0.004995,0.707612,0.008469,0.006967,-0.039341,-0.009083,9.763501,-0.137293,0.197114
1724289494.434706,0.706636,-0.004916,0.707508,0.008479,0.009418,-0.035156,-0.014872,9.726235,-0.123564,0.151022
1724289494.445132,0.706718,-0.004795,0.707427,0.008480,0.014020,-0.030912,-0.018775,9.696816,-0.101989,0.104931
1724289494.455230,0.706791,-0.004650,0.707355,0.008474,0.018808,-0.024984,-0.021359,9.681125,-0.072569,0.059821
1724289494.466550,0.706828,-0.004507,0.707319,0.008453,0.020120,-0.013820,-0.018788,9.666415,-0.043149,0.031381
1724289494.477613,0.706818,-0.004381,0.707331,0.008396,0.023506,-0.000592,-0.011887,9.669357,-0.032362,0.029420
1724289494.488696,0.706760,-0.004273,0.707390,0.008300,0.027299,0.012664,-0.003007,9.679164,-0.052956,0.035304
1724289494.499660,0.706659,-0.004211,0.707494,0.008201,0.024194,0.025761,0.002241,9.673280,-0.085318,0.056879
1724289494.510767,0.706537,-0.004186,0.707617,0.008115,0.017350,0.036179,0.003077,9.684067,-0.113757,0.081395
1724289494.521704,0.706392,-0.004193,0.707762,0.008077,0.007732,0.043604,0.000456,9.703680,-0.144158,0.110815
1724289494.532716,0.706230,-0.004197,0.707924,0.008063,0.002288,0.048826,-0.002798,9.724274,-0.165732,0.138274
1724289494.543760,0.706050,-0.004161,0.708104,0.008030,0.007573,0.052934,-0.005662,9.756636,-0.184365,0.160829
1724289494.554848,0.705849,-0.004093,0.708304,0.007994,0.013362,0.059617,-0.008915,9.781153,-0.198094,0.182404
1724289494.564719,0.705629,-0.003973,0.708524,0.007929,0.021907,0.065441,-0.011662,9.809592,-0.210843,0.225553
1724289494.575762,0.705406,-0.003778,0.708748,0.007804,0.040898,0.066939,-0.012968,9.843915,-0.214766,0.270664
1724289494.586057,0.705187,-0.003506,0.708969,0.007623,0.057646,0.066350,-0.014905,9.845877,-0.214766,0.298122
1724289494.597428,0.704971,-0.003180,0.709187,0.007403,0.071084,0.064261,-0.017143,9.849799,-0.202017,0.334407
1724289494.608688,0.704769,-0.002810,0.709392,0.007133,0.082071,0.059264,-0.015951,9.869413,-0.180442,0.349117
1724289494.619816,0.704570,-0.002420,0.709595,0.006820,0.090530,0.054444,-0.009739,9.866471,-0.164752,0.374614
1724289494.629719,0.704396,-0.002004,0.709773,0.006443,0.101812,0.046932,-0.004496,9.879219,-0.166713,0.388343
1724289494.639733,0.704248,-0.001576,0.709925,0.006046,0.110563,0.039691,-0.002805,9.874316,-0.168674,0.391285
1724289494.649776,0.704117,-0.001189,0.710058,0.005728,0.097894,0.034353,-0.007034,9.860587,-0.158868,0.385401
1724289494.659891,0.704009,-0.000866,0.710168,0.005506,0.078198,0.028805,-0.013195,9.839993,-0.130428,0.388343
1724289494.669987,0.703920,-0.000625,0.710257,0.005386,0.053636,0.023052,-0.017872,9.836070,-0.097086,0.375595
1724289494.680159,0.703841,-0.000461,0.710336,0.005370,0.026718,0.017825,-0.019591,9.822341,-0.060801,0.356962
1724289494.691458,0.703780,-0.000351,0.710396,0.005423,0.009402,0.012172,-0.017867,9.817437,-0.036285,0.344213
1724289494.702536,0.703746,-0.000299,0.710429,0.005522,-0.004548,0.005952,-0.014453,9.825283,-0.028439,0.322639
1724289494.712729,0.703726,-0.000292,0.710448,0.005642,-0.013162,0.004154,-0.010802,9.808611,-0.027459,0.309890
1724289494.722739,0.703708,-0.000299,0.710465,0.005789,-0.015348,0.003203,-0.011809,9.806650,-0.027459,0.291258
1724289494.732841,0.703677,-0.000379,0.710493,0.006013,-0.034456,0.006707,-0.012252,9.795863,-0.013729,0.286354
1724289494.742993,0.703634,-0.000550,0.710533,0.006316,-0.057638,0.010673,-0.010481,9.790959,0.011768,0.306948
1724289494.753063,0.703597,-0.000839,0.710566,0.006684,-0.081790,0.009317,-0.003529,9.800766,0.041188,0.334407
1724289494.764365,0.703575,-0.001272,0.710582,0.007117,-0.113186,0.004595,0.008027,9.823321,0.034323,0.355001
1724289494.775666,0.703597,-0.001815,0.710554,0.007554,-0.127098,-0.006306,0.021899,9.817437,0.002942,0.348136
1724289494.786008,0.703665,-0.002397,0.710480,0.007925,-0.122829,-0.017909,0.033353,9.827244,-0.059821,0.315774
1724289494.796198,0.703745,-0.002970,0.710395,0.008225,-0.113727,-0.021817,0.037774,9.833128,-0.123564,0.277528
1724289494.807586,0.703822,-0.003473,0.710313,0.008435,-0.090785,-0.015135,0.033008,9.819399,-0.173578,0.250070
1724289494.817986,0.703862,-0.003878,0.710270,0.008628,-0.076171,-0.004934,0.020494,9.829205,-0.200056,0.254973
1724289494.829352,0.703867,-0.004221,0.710261,0.008835,-0.069274,0.004714,0.006704,9.842935,-0.202998,0.297141
1724289494.839683,0.703864,-0.004487,0.710261,0.009056,-0.061017,0.003763,-0.001740,9.838031,-0.181423,0.336368
1724289494.849945,0.703889,-0.004714,0.710232,0.009268,-0.056798,-0.005554,-0.003417,9.845877,-0.171616,0.341271
1724289494.860229,0.703962,-0.004875,0.710159,0.009375,-0.038465,-0.017535,0.001895,9.826263,-0.188288,0.307929
1724289494.871636,0.704063,-0.004899,0.710058,0.009325,0.000738,-0.024970,0.004079,9.800766,-0.202017,0.239282
1724289494.881967,0.704136,-0.004771,0.709990,0.009160,0.034648,-0.018319,0.001417,9.776249,-0.201036,0.188288
1724289494.891935,0.704159,-0.004549,0.709971,0.008956,0.053852,-0.002382,-0.005978,9.758597,-0.200056,0.179462
1724289494.902021,0.704122,-0.004266,0.710011,0.008751,0.064865,0.015975,-0.014498,9.769385,-0.175539,0.205940
1724289494.911998,0.704032,-0.003947,0.710105,0.008565,0.063572,0.024951,-0.015139,9.784095,-0.138274,0.260857
1724289494.922012,0.703935,-0.003618,0.710205,0.008353,0.073923,0.025044,-0.009868,9.784095,-0.112776,0.308909
1724289494.931890,0.703867,-0.003364,0.710276,0.008147,0.063755,0.018895,0.000599,9.790959,-0.108854,0.325581
1724289494.942086,0.703832,-0.003215,0.710314,0.007937,0.049344,0.013781,0.011910,9.792921,-0.133370,0.319697
1724289494.951908,0.703814,-0.003131,0.710334,0.007723,0.040844,0.009531,0.017303,9.796843,-0.155926,0.311851
1724289494.963452,0.703791,-0.003087,0.710360,0.007549,0.030571,0.010231,0.018101,9.820379,-0.184365,0.310871
1724289494.974917,0.703757,-0.003074,0.710395,0.007426,0.022785,0.013720,0.015745,9.829205,-0.195152,0.326561
1724289494.985171,0.703720,-0.003090,0.710432,0.007374,0.009397,0.014132,0.010486,9.848819,-0.196133,0.355001
1724289494.996554,0.703693,-0.003139,0.710458,0.007389,-0.003833,0.010030,0.006496,9.861567,-0.163771,0.395208
1724289495.007739,0.703713,-0.003220,0.710437,0.007460,-0.015996,-0.003571,0.005424,9.860587,-0.126506,0.405015
1724289495.017976,0.703785,-0.003349,0.710364,0.007590,-0.028534,-0.019816,0.006112,9.843915,-0.094144,0.392266
1724289495.027719,0.703903,-0.003555,0.710244,0.007760,-0.046836,-0.032203,0.010064,9.836070,-0.068647,0.344213
1724289495.037662,0.704041,-0.003785,0.710104,0.007925,-0.051939,-0.038825,0.015439,9.814495,-0.035304,0.300083
1724289495.047729,0.704180,-0.004017,0.709964,0.008041,-0.047412,-0.039834,0.021689,9.795863,-0.011768,0.259876
1724289495.057995,0.704307,-0.004234,0.709836,0.008071,-0.033461,-0.036544,0.032303,9.767423,-0.009807,0.248108
1724289495.069361,0.704422,-0.004423,0.709721,0.008017,-0.016994,-0.032046,0.040987,9.743887,-0.009807,0.243205
1724289495.080377,0.704528,-0.004601,0.709617,0.007899,-0.008362,-0.030343,0.048185,9.736042,-0.013729,0.241244
1724289495.091608,0.704631,-0.004802,0.709515,0.007727,-0.002482,-0.028787,0.057516,9.735061,-0.015691,0.232418
1724289495.101911,0.563736,-0.003751,0.567581,0.006306,-0.002101,-0.025248,0.070377,9.744868,-0.037265,0.217708
1724289495.112158,0.422831,-0.002679,0.425656,0.004933,0.003819,-0.017863,0.084280,9.751733,-0.073550,0.215746
1724289495.123586,0.281913,-0.001600,0.283744,0.003632,0.012819,-0.009805,0.096044,9.777230,-0.125525,0.231437
1724289495.135045,0.140980,-0.000476,0.141847,0.002408,0.018057,-0.004634,0.102542,9.799785,-0.175539,0.267722
1724289495.146383,0.000034,0.000730,-0.000037,0.001205,0.023742,-0.002683,0.103472,9.804689,-0.226534,0.296161
1724289495.157637,-0.140936,0.002047,-0.141896,-0.000004,0.015629,-0.003775,0.097377,9.818418,-0.253992,0.345194
1724289495.168854,-0.281953,0.003485,-0.283708,-0.001210,-0.008046,-0.010833,0.090366,9.848819,-0.259876,0.361865
1724289495.179863,-0.423030,0.005039,-0.425458,-0.002399,-0.029611,-0.020658,0.086882,9.861567,-0.255954,0.362846
1724289495.190032,-0.564153,0.006723,-0.567161,-0.003544,-0.046262,-0.031339,0.094691,9.873335,-0.265760,0.344213
1724289495.199926,-0.705301,0.008487,-0.708839,-0.004584,-0.045583,-0.039657,0.104331,9.876277,-0.308909,0.319697
1724289495.210017,-0.705470,0.008964,-0.708667,-0.004258,-0.022628,-0.044417,0.107264,9.863529,-0.367749,0.284393
1724289495.220181,-0.705633,0.009323,-0.708502,-0.003894,0.003641,-0.044391,0.099646,9.837051,-0.416783,0.263799
1724289495.231448,-0.705781,0.009619,-0.708352,-0.003601,0.004602,-0.040314,0.079992,9.817437,-0.434435,0.257915
1724289495.242527,-0.705928,0.009872,-0.708203,-0.003418,-0.005449,-0.039710,0.060961,9.786056,-0.414821,0.255954
1724289495.252841,-0.706106,0.010065,-0.708024,-0.003278,-0.005884,-0.045850,0.047756,9.778211,-0.376575,0.240263
1724289495.263176,-0.706308,0.010217,-0.707822,-0.003116,0.004704,-0.052653,0.043563,9.749771,-0.349117,0.188288
1724289495.274464,-0.706505,0.010356,-0.707625,-0.002922,0.008287,-0.052597,0.045649,9.718390,-0.343233,0.134351
1724289495.284769,-0.706667,0.010523,-0.707461,-0.002706,0.008227,-0.046466,0.049438,9.701719,-0.350097,0.099047
1724289495.295100,-0.706789,0.010664,-0.707338,-0.002487,0.011027,-0.036783,0.048166,9.684067,-0.362846,0.100028
1724289495.306521,-0.706885,0.010812,-0.707240,-0.002295,0.009331,-0.028433,0.043961,9.671318,-0.376575,0.115718
1724289495.316832,-0.706964,0.010993,-0.707158,-0.002171,-0.003988,-0.023606,0.037416,9.648763,-0.383440,0.125525
1724289495.327145,-0.707050,0.011225,-0.707069,-0.002092,-0.021433,-0.024688,0.031737,9.651705,-0.383440,0.126506
1724289495.338498,-0.707143,0.011422,-0.706973,-0.002006,-0.016123,-0.027375,0.028013,9.646802,-0.386382,0.093163
1724289495.350001,-0.707220,0.011531,-0.706895,-0.001891,-0.002606,-0.021934,0.022192,9.655628,-0.390305,0.055898
1724289495.360144,-0.707249,0.011566,-0.706866,-0.001729,0.012425,-0.009495,0.019115,9.659550,-0.393247,0.035304
1724289495.371572,-0.707225,0.011498,-0.706891,-0.001492,0.034605,0.005702,0.015835,9.685048,-0.390305,0.040207
1724289495.381714,-0.707148,0.011291,-0.706971,-0.001146,0.067064,0.020890,0.011362,9.687990,-0.378537,0.078453
1724289495.391882,-0.707034,0.010976,-0.707091,-0.000769,0.089499,0.032669,0.003562,9.678183,-0.361865,0.132390
1724289495.401997,-0.706909,0.010678,-0.707220,-0.000469,0.081573,0.036989,-0.004833,9.670338,-0.328523,0.179462
1724289495.412158,-0.706790,0.010463,-0.707344,-0.000306,0.051643,0.035732,-0.010179,9.676222,-0.281451,0.205940
1724289495.423614,-0.706696,0.010370,-0.707439,-0.000260,0.018549,0.028461,-0.007669,9.692893,-0.227514,0.213785
1724289495.433972,-0.706626,0.010407,-0.707509,-0.000276,-0.006751,0.022181,0.003808,9.698777,-0.204959,0.183384
1724289495.445340,-0.706561,0.010548,-0.707571,-0.000266,-0.022047,0.020001,0.022686,9.699758,-0.207901,0.139254
1724289495.456781,-0.706503,0.010774,-0.707625,-0.000130,-0.016411,0.022873,0.041809,9.691912,-0.262818,0.095125
1724289495.467079,-0.706410,0.011023,-0.707714,0.000067,-0.009575,0.033128,0.049913,9.692893,-0.331465,0.082376
1724289495.478418,-0.706272,0.011266,-0.707848,0.000270,-0.007343,0.048878,0.047527,9.700738,-0.396189,0.087279
1724289495.489754,-0.706073,0.011438,-0.708043,0.000437,-0.002869,0.064127,0.035828,9.739965,-0.450125,0.107873
1724289495.500976,-0.705836,0.011510,-0.708277,0.000599,0.005412,0.072869,0.021780,9.783114,-0.484449,0.144158
1724289495.511183,-0.705575,0.011450,-0.708538,0.000798,0.027480,0.079739,0.008669,9.826263,-0.507004,0.182404
1724289495.522475,-0.705297,0.011251,-0.708816,0.001053,0.055803,0.083839,-0.003363,9.845877,-0.512888,0.225553
1724289495.532897,-0.704998,0.010993,-0.709117,0.001294,0.066591,0.088612,-0.013347,9.869413,-0.511907,0.271644
1724289495.543226,-0.704678,0.010735,-0.709440,0.001452,0.055390,0.093791,-0.023948,9.887065,-0.491313,0.344213
1724289495.554499,-0.704364,0.010572,-0.709755,0.001469,0.023450,0.093714,-0.031191,9.919426,-0.471700,0.435415
1724289495.565057,-0.704073,0.010517,-0.710046,0.001310,-0.012451,0.082928,-0.034660,9.959634,-0.437377,0.508965
1724289495.576422,-0.703844,0.010536,-0.710272,0.001069,-0.034872,0.063825,-0.032990,9.991015,-0.422667,0.534462
1724289495.587853,-0.703680,0.010565,-0.710436,0.000812,-0.043588,0.042085,-0.028590,10.009648,-0.422667,0.526617
1724289495.599406,-0.703584,0.010575,-0.710531,0.000583,-0.037619,0.024183,-0.028117,10.005725,-0.410899,0.493274
1724289495.610735,-0.703516,0.010469,-0.710600,0.000428,-0.015928,0.016513,-0.030882,9.982189,-0.392266,0.453067
1724289495.620878,-0.703448,0.010271,-0.710670,0.000318,0.003156,0.016303,-0.036661,9.964537,-0.353039,0.425609
1724289495.631207,-0.703376,0.010028,-0.710743,0.000227,0.013699,0.017670,-0.040666,9.943943,-0.300083,0.419725
1724289495.642506,-0.703271,0.009694,-0.710851,0.000091,0.018054,0.014532,-0.041479,9.925310,-0.239282,0.429531
1724289495.652771,-0.703206,0.009400,-0.710919,-0.000035,0.017249,0.004646,-0.033873,9.903736,-0.195152,0.424628
1724289495.663095,-0.703180,0.009132,-0.710948,-0.000120,0.020251,-0.006863,-0.025421,9.871374,-0.163771,0.392266
1724289495.674423,-0.703178,0.008887,-0.710954,-0.000172,0.019035,-0.014535,-0.015956,9.824302,-0.155926,0.349117
1724289495.685725,-0.703181,0.008696,-0.710954,-0.000227,0.016169,-0.014942,-0.009097,9.784095,-0.142196,0.309890
1724289495.695969,-0.703188,0.008613,-0.710948,-0.000318,-0.003374,-0.013345,-0.002923,9.776249,-0.137293,0.290277
1724289495.706168,-0.703201,0.008602,-0.710936,-0.000396,-0.013100,-0.013486,0.007357,9.772327,-0.155926,0.272625
1724289495.717343,-0.703235,0.008642,-0.710902,-0.000426,-0.008669,-0.014940,0.014935,9.775269,-0.183384,0.245166
1724289495.728810,-0.703258,0.008608,-0.710879,-0.000357,0.010781,-0.013802,0.018960,9.768404,-0.226534,0.220650
1724289495.739103,-0.703246,0.008518,-0.710891,-0.000248,0.023548,-0.005568,0.017654,9.785075,-0.263799,0.216727
1724289495.750431,-0.703219,0.008417,-0.710919,-0.000049,0.037750,0.004445,0.013463,9.785075,-0.308909,0.222611
1724289495.761874,-0.703167,0.008227,-0.710972,0.000188,0.053362,0.010037,0.005349,9.788017,-0.332445,0.240263
1724289495.772080,-0.703104,0.007990,-0.711037,0.000420,0.063469,0.012221,-0.001991,9.793901,-0.352059,0.259876
1724289495.782048,-0.703039,0.007761,-0.711104,0.000601,0.057296,0.012252,-0.007870,9.790959,-0.351078,0.284393
1724289495.793066,-0.702984,0.007580,-0.711161,0.000711,0.035394,0.010072,-0.009985,9.795863,-0.366769,0.308909
1724289495.803850,-0.702936,0.007444,-0.711210,0.000732,0.022839,0.006158,-0.013804,9.775269,-0.391285,0.321658
1724289495.814591,-0.702907,0.007453,-0.711238,0.000572,-0.016727,0.004819,-0.020614,9.748791,-0.398150,0.323619
1724289495.825356,-0.702885,0.007640,-0.711258,0.000205,-0.072316,0.000955,-0.022482,9.751733,-0.393247,0.321658
1724289495.836207,-0.702892,0.008001,-0.711245,-0.000299,-0.113216,-0.004004,-0.018651,9.756636,-0.397169,0.306948
1724289495.847104,-0.702923,0.008404,-0.711210,-0.000796,-0.121164,-0.007959,-0.012533,9.743887,-0.427570,0.266741
1724289495.857816,-0.702963,0.008806,-0.711167,-0.001231,-0.113829,-0.005342,-0.010641,9.741926,-0.462874,0.233398
1724289495.867911,-0.702946,0.009170,-0.711180,-0.001636,-0.105229,0.006433,-0.012558,9.749771,-0.497197,0.230456
1724289495.877993,-0.702868,0.009460,-0.711253,-0.002008,-0.094452,0.019809,-0.019790,9.749771,-0.514849,0.249089
1724289495.888802,-0.702731,0.009633,-0.711386,-0.002319,-0.069790,0.029740,-0.032107,9.766443,-0.521714,0.278509
1724289495.899503,-0.702575,0.009694,-0.711537,-0.002631,-0.049297,0.033612,-0.046642,9.770365,-0.497197,0.300083
1724289495.910202,-0.702414,0.009692,-0.711695,-0.002944,-0.043946,0.034605,-0.054203,9.786056,-0.438357,0.318716
1724289495.921033,-0.702253,0.009612,-0.711854,-0.003222,-0.028205,0.032336,-0.055610,9.801747,-0.381479,0.338329
1724289495.931773,-0.702088,0.009484,-0.712018,-0.003446,-0.012769,0.032130,-0.052964,9.810573,-0.342252,0.362846
1724289495.942529,-0.701920,0.009341,-0.712185,-0.003632,-0.006014,0.030866,-0.049000,9.820379,-0.317735,0.375595
1724289495.953254,-0.701758,0.009206,-0.712344,-0.003832,-0.007364,0.027428,-0.049539,9.836070,-0.300083,0.391285
1724289495.964021,-0.701622,0.009046,-0.712479,-0.004061,-0.007700,0.022143,-0.053123,9.848819,-0.270664,0.408937
1724289495.974797,-0.701523,0.008846,-0.712577,-0.004317,-0.005770,0.015921,-0.060144,9.858625,-0.239282,0.410899
1724289495.985543,-0.701464,0.008604,-0.712637,-0.004602,-0.003152,0.008496,-0.065132,9.854703,-0.180442,0.410899
1724289495.996283,-0.701455,0.008353,-0.712646,-0.004910,-0.004451,0.001995,-0.065450,9.859606,-0.130428,0.402073
1724289496.006038,-0.701466,0.008140,-0.712637,-0.005211,-0.010357,-0.002377,-0.059566,9.853722,-0.078453,0.397169
1724289496.015734,-0.701486,0.007957,-0.712617,-0.005472,-0.009104,-0.005960,-0.052323,9.832147,-0.046091,0.391285
1724289496.026484,-0.701512,0.007833,-0.712591,-0.005697,-0.013751,-0.008969,-0.043600,9.821360,-0.024517,0.388343
1724289496.037231,-0.701554,0.007779,-0.712549,-0.005888,-0.019513,-0.013554,-0.030388,9.805669,-0.020594,0.373633
1724289496.047981,-0.701616,0.007794,-0.712486,-0.006041,-0.022218,-0.017926,-0.017949,9.789979,-0.034323,0.346175
1724289496.058749,-0.701690,0.007874,-0.712411,-0.006158,-0.025817,-0.020947,-0.005697,9.767423,-0.061782,0.324600
1724289496.069513,-0.701762,0.008040,-0.712337,-0.006239,-0.034198,-0.019057,0.004136,9.762520,-0.104931,0.302045
1724289496.080273,-0.701819,0.008197,-0.712280,-0.006246,-0.024897,-0.014340,0.013038,9.752713,-0.144158,0.271644
1724289496.091176,-0.701853,0.008307,-0.712246,-0.006148,-0.004691,-0.007138,0.019825,9.757617,-0.201036,0.261838
1724289496.102131,-0.701858,0.008401,-0.712241,-0.005994,0.004564,0.000393,0.025909,9.766443,-0.253992,0.265760
1724289496.112869,-0.701839,0.008468,-0.712261,-0.005779,0.016668,0.006416,0.027540,9.779191,-0.313813,0.273606
1724289496.123631,-0.701799,0.008546,-0.712301,-0.005589,0.016532,0.012507,0.026012,9.786056,-0.358923,0.288316
1724289496.134456,-0.701747,0.008702,-0.712351,-0.005507,-0.005297,0.016752,0.023623,9.781153,-0.400111,0.311851
1724289496.145543,-0.701694,0.008932,-0.712400,-0.005554,-0.033198,0.017446,0.015443,9.771346,-0.427570,0.343233
1724289496.156644,-0.701653,0.009258,-0.712433,-0.005785,-0.067680,0.012507,0.004812,9.771346,-0.428551,0.366769
1724289496.167686,-0.701630,0.009659,-0.712444,-0.006176,-0.100128,0.007875,-0.005360,9.773307,-0.409918,0.358923
1724289496.177845,-0.701637,0.010074,-0.712425,-0.006658,-0.115014,0.000998,-0.010013,9.763501,-0.386382,0.340291
1724289496.188788,-0.701664,0.010507,-0.712387,-0.007166,-0.121484,-0.004835,-0.011502,9.755655,-0.376575,0.317735
1724289496.199836,-0.701689,0.010945,-0.712351,-0.007690,-0.124452,-0.004060,-0.013753,9.763501,-0.360885,0.285374
1724289496.210865,-0.701687,0.011315,-0.712343,-0.008180,-0.113019,0.002897,-0.018726,9.760559,-0.350097,0.270664
1724289496.220879,-0.701651,0.011535,-0.712372,-0.008596,-0.083652,0.012172,-0.025063,9.753694,-0.329503,0.275567
1724289496.230795,-0.701571,0.011626,-0.712446,-0.008994,-0.059758,0.022213,-0.037561,9.762520,-0.302045,0.311851
1724289496.240855,-0.561381,0.009710,-0.569827,-0.007335,-0.043206,0.027513,-0.049712,9.782133,-0.259876,0.341271
1724289496.250839,-0.421170,0.007664,-0.427232,-0.005495,-0.021457,0.027494,-0.056941,9.794882,-0.205940,0.355981
1724289496.260874,-0.280919,0.005453,-0.284682,-0.003461,-0.000710,0.025154,-0.059229,9.792921,-0.148080,0.371672
1724289496.270841,-0.140643,0.003057,-0.142163,-0.001226,-0.003711,0.022501,-0.053323,9.800766,-0.101008,0.391285
1724289496.280885,-0.000351,0.000525,0.000336,0.001118,-0.018366,0.021572,-0.045447,9.802727,-0.062763,0.400111
1724289496.290745,0.139948,-0.002041,0.142829,0.003458,-0.036898,0.018022,-0.035376,9.811553,-0.037265,0.413841
1724289496.300929,0.280234,-0.004572,0.285335,0.005755,-0.052533,0.010537,-0.023176,9.814495,-0.042169,0.423647
1724289496.310898,0.420493,-0.006997,0.427872,0.007963,-0.062514,0.001794,-0.012024,9.809592,-0.048053,0.406976
1724289496.320996,0.560718,-0.009207,0.570447,0.010016,-0.071579,-0.005133,-0.004065,9.808611,-0.076492,0.378537
1724289496.331032,0.700877,-0.011257,0.713089,0.012067,-0.060753,-0.008680,0.004260,9.792921,-0.119641,0.344213
1724289496.341148,0.700874,-0.011397,0.713088,0.012225,-0.043162,-0.003658,0.006610,9.779191,-0.148080,0.332445
1724289496.351195,0.700836,-0.011564,0.713120,0.012406,-0.049864,0.005236,0.005327,9.792921,-0.171616,0.355001
1724289496.361119,0.700772,-0.011731,0.713177,0.012587,-0.055200,0.010475,0.005330,9.808611,-0.193191,0.382459
1724289496.371139,0.700727,-0.011873,0.713217,0.012715,-0.042827,0.004510,0.004889,9.804689,-0.206920,0.403053
1724289496.382251,0.700716,-0.012043,0.713221,0.012850,-0.046295,-0.005227,0.008219,9.805669,-0.226534,0.407957
1724289496.392237,0.700731,-0.012275,0.713199,0.013036,-0.056535,-0.012624,0.008772,9.772327,-0.233398,0.401092
1724289496.403417,0.700759,-0.012604,0.713159,0.013325,-0.082839,-0.016307,0.007034,9.747810,-0.230456,0.389324
1724289496.414881,0.560483,-0.009579,0.570666,0.010356,-0.119483,-0.020406,0.006126,9.744868,-0.221630,0.392266
1724289496.424990,0.420183,-0.006563,0.428196,0.007432,-0.154950,-0.028679,0.007844,9.747810,-0.213785,0.398150
1724289496.437463,0.279880,-0.003645,0.285727,0.004582,-0.177788,-0.039198,0.014448,9.763501,-0.202017,0.369711
1724289496.448881,0.139609,-0.000880,0.143220,0.001821,-0.151812,-0.048899,0.020907,9.775269,-0.225553,0.313813
1724289496.459886,-0.000633,0.001764,0.000680,-0.000897,-0.093995,-0.046728,0.024433,9.762520,-0.249089,0.236340
1724289496.470710,-0.000487,0.001510,0.000530,-0.000828,-0.054473,-0.028746,0.018598,9.750752,-0.273606,0.213785
1724289496.480670,-0.000436,0.001380,0.000478,-0.000787,-0.031308,-0.003194,0.006861,9.747810,-0.277528,0.232418
1724289496.490660,-0.000451,0.001371,0.000492,-0.000782,-0.006271,0.015938,-0.006994,9.752713,-0.250070,0.289296
1724289496.500835,-0.000500,0.001451,0.000542,-0.000801,0.008592,0.025915,-0.014963,9.783114,-0.214766,0.353039
1724289496.511135,-0.000562,0.001552,0.000606,-0.000821,0.014837,0.027386,-0.015293,9.793901,-0.185346,0.399131
1724289496.522471,0.139707,-0.001848,0.143090,0.002535,0.013383,0.021904,-0.011552,9.803708,-0.183384,0.418744
1724289496.532755,0.139745,-0.001976,0.143048,0.002614,0.020242,0.019185,-0.009800,9.809592,-0.179462,0.409918
1724289496.542765,0.139798,-0.002134,0.142989,0.002714,0.031268,0.019998,-0.009924,9.814495,-0.186326,0.399131
1724289496.552864,0.139877,-0.002257,0.142908,0.002769,0.026323,0.022579,-0.009016,9.810573,-0.191230,0.402073
1724289496.562929,0.280222,-0.005256,0.285335,0.005712,0.010093,0.024977,-0.011661,9.801747,-0.184365,0.431493
1724289496.572651,0.280121,-0.005287,0.285430,0.005863,-0.012785,0.023300,-0.013717,9.796843,-0.164752,0.460913
1724289496.582455,0.280071,-0.005413,0.285472,0.006075,-0.038612,0.013383,-0.012401,9.810573,-0.150042,0.476603
1724289496.593403,0.280065,-0.005575,0.285471,0.006301,-0.049782,-0.001018,-0.007948,9.799785,-0.144158,0.458951
1724289496.604289,0.280109,-0.005743,0.285419,0.006524,-0.052301,-0.015094,-0.003428,9.796843,-0.163771,0.401092
1724289496.615229,0.280209,-0.005840,0.285316,0.006631,-0.030435,-0.020363,-0.000253,9.802727,-0.186326,0.328523
1724289496.625395,0.280272,-0.005780,0.285255,0.006613,0.014938,-0.009385,-0.004018,9.784095,-0.189268,0.288316
1724289496.635364,0.420556,-0.009078,0.427727,0.009945,0.015601,0.009421,-0.008515,9.780172,-0.180442,0.304987
1724289496.646166,0.560809,-0.012364,0.570231,0.013284,-0.008880,0.022318,-0.011832,9.774288,-0.150042,0.368730
1724289496.655896,0.701052,-0.015563,0.712748,0.016550,-0.031842,0.021204,-0.012219,9.784095,-0.108854,0.426589
1724289496.665760,0.701029,-0.015740,0.712760,0.016800,-0.055177,0.007573,-0.003941,9.797824,-0.096105,0.437377
1724289496.675588,0.701088,-0.015986,0.712693,0.016988,-0.062879,-0.012381,0.011423,9.803708,-0.115718,0.397169
1724289496.686538,0.701177,-0.016197,0.712598,0.017070,-0.044152,-0.023389,0.024265,9.785075,-0.156906,0.330484
1724289496.697459,0.701270,-0.016351,0.712504,0.017047,-0.019631,-0.020687,0.027019,9.788017,-0.211824,0.266741
1724289496.708349,0.701311,-0.016396,0.712465,0.016928,0.009201,-0.005487,0.019947,9.785075,-0.253992,0.246147
1724289496.719131,0.701268,-0.016313,0.712513,0.016789,0.030849,0.010943,0.007592,9.775269,-0.262818,0.279490
1724289496.728839,0.701195,-0.016202,0.712588,0.016711,0.022124,0.019679,-0.004568,9.788017,-0.246147,0.325581
1724289496.739604,0.701130,-0.016035,0.712658,0.016628,0.030746,0.017453,-0.009783,9.779191,-0.217708,0.354020
1724289496.750393,0.701102,-0.015865,0.712692,0.016542,0.034446,0.010606,-0.012392,9.780172,-0.202998,0.354020
1724289496.761158,0.701089,-0.015727,0.712708,0.016490,0.022398,0.005587,-0.008713,9.776249,-0.202017,0.343233
1724289496.770871,0.701088,-0.015597,0.712714,0.016420,0.022558,0.002040,-0.005648,9.771346,-0.207901,0.337349
1724289496.780556,0.701079,-0.015452,0.712728,0.016341,0.028100,0.003723,-0.005697,9.772327,-0.207901,0.334407
1724289496.791297,0.701056,-0.015315,0.712755,0.016288,0.023883,0.009030,-0.008577,9.786056,-0.209862,0.341271
1724289496.802051,0.701009,-0.015208,0.712803,0.016312,0.011257,0.012898,-0.012415,9.793901,-0.188288,0.374614
1724289496.811734,0.700966,-0.015184,0.712844,0.016421,-0.012435,0.010505,-0.011837,9.797824,-0.154945,0.405015
1724289496.822478,0.700950,-0.015250,0.712854,0.016594,-0.033646,0.003135,-0.008997,9.808611,-0.129448,0.411879
1724289496.833223,0.700970,-0.015378,0.712827,0.016765,-0.040266,-0.006976,-0.000382,9.793901,-0.126506,0.388343
1724289496.842905,0.701017,-0.015547,0.712774,0.016914,-0.044487,-0.013310,0.007280,9.802727,-0.140235,0.357943
1724289496.852610,0.701066,-0.015695,0.712721,0.016995,-0.032838,-0.013689,0.015230,9.796843,-0.154945,0.324600
1724289496.863361,0.701098,-0.015809,0.712686,0.017022,-0.017150,-0.008355,0.015816,9.793901,-0.163771,0.309890
1724289496.874119,0.701100,-0.015906,0.712681,0.017052,-0.016497,0.000609,0.013402,9.796843,-0.179462,0.306948
1724289496.883815,0.701087,-0.015982,0.712692,0.017067,-0.012134,0.005419,0.011146,9.796843,-0.191230,0.324600
1724289496.894560,0.701074,-0.016035,0.712704,0.017061,-0.005137,0.004747,0.009948,9.795863,-0.184365,0.331465
1724289496.905288,0.701064,-0.016062,0.712714,0.017010,0.003178,0.004314,0.011805,9.787037,-0.191230,0.315774
1724289496.916036,0.701056,-0.016029,0.712726,0.016898,0.019221,0.006306,0.011709,9.785075,-0.202017,0.310871
1724289496.925727,0.701036,-0.015955,0.712751,0.016752,0.030009,0.010250,0.010683,9.769385,-0.208882,0.322639
1724289496.936487,0.701001,-0.015850,0.712790,0.016601,0.034955,0.014141,0.007292,9.774288,-0.216727,0.337349
1724289496.947245,0.700957,-0.015723,0.712840,0.016442,0.039493,0.017197,0.004590,9.786056,-0.215746,0.361865
1724289496.956944,0.700906,-0.015591,0.712897,0.016291,0.039083,0.017354,0.003423,9.784095,-0.215746,0.378537
1724289496.966645,0.700860,-0.015491,0.712947,0.016146,0.033479,0.015544,0.007001,9.791940,-0.230456,0.378537
1724289496.977398,0.700825,-0.015421,0.712986,0.016002,0.028643,0.012352,0.010743,9.800766,-0.237321,0.381479
1724289496.988157,0.700798,-0.015358,0.713017,0.015876,0.025356,0.009615,0.009289,9.806650,-0.245166,0.363827
1724289496.997844,0.700767,-0.015299,0.713051,0.015777,0.021043,0.010704,0.004314,9.802727,-0.255954,0.371672
1724289497.007548,0.700732,-0.015246,0.713088,0.015739,0.012292,0.012523,-0.002948,9.808611,-0.252031,0.388343
1724289497.018312,0.700692,-0.015229,0.713127,0.015770,-0.001960,0.010805,-0.008093,9.813515,-0.234379,0.403053
1724289497.029075,0.700661,-0.015241,0.713156,0.015846,-0.012045,0.006049,-0.009912,9.818418,-0.230456,0.400111
1724289497.038784,0.700648,-0.015269,0.713166,0.015942,-0.017207,0.000574,-0.008311,9.826263,-0.220650,0.398150
1724289497.049534,0.700641,-0.015348,0.713168,0.016083,-0.026868,-0.003220,-0.007126,9.809592,-0.204959,0.388343
1724289497.060308,0.700642,-0.015531,0.713157,0.016311,-0.054802,-0.004854,-0.006168,9.821360,-0.199075,0.396189
1724289497.071059,0.700661,-0.015786,0.713125,0.016600,-0.072974,-0.009027,-0.005522,9.817437,-0.200056,0.399131
1724289497.080751,0.700703,-0.016046,0.713071,0.016885,-0.072525,-0.015647,-0.005337,9.828225,-0.199075,0.389324
1724289497.091511,0.700758,-0.016288,0.713006,0.017126,-0.065422,-0.019343,-0.001333,9.841954,-0.202998,0.375595
1724289497.102295,0.700821,-0.016484,0.712935,0.017289,-0.048281,-0.020169,0.003578,9.839993,-0.219669,0.349117
1724289497.111940,0.700871,-0.016624,0.712882,0.017384,-0.031032,-0.016631,0.005482,9.839012,-0.236340,0.338329
1724289497.121639,0.700900,-0.016747,0.712847,0.017481,-0.026299,-0.009434,0.002492,9.832147,-0.248108,0.349117
1724289497.132387,0.700917,-0.016892,0.712824,0.017613,-0.034922,-0.005461,-0.000620,9.840973,-0.239282,0.373633
1724289497.143161,0.700946,-0.017055,0.712789,0.017755,-0.038312,-0.008875,-0.001332,9.843915,-0.228495,0.393247
1724289497.152865,0.701017,-0.017204,0.712713,0.017865,-0.034828,-0.019221,0.000054,9.846857,-0.243205,0.392266
1724289497.163125,0.701127,-0.017270,0.712603,0.017885,-0.010364,-0.031137,0.001417,9.824302,-0.265760,0.352059
1724289497.174287,0.701244,-0.017245,0.712489,0.017835,0.010496,-0.034161,-0.000620,9.806650,-0.280470,0.310871
1724289497.184347,0.701337,-0.017187,0.712400,0.017798,0.013818,-0.027170,-0.006536,9.772327,-0.279490,0.282432
1724289497.194325,0.701400,-0.017135,0.712338,0.017829,0.004932,-0.018193,-0.014582,9.734081,-0.264780,0.289296
1724289497.204342,0.701441,-0.017121,0.712296,0.017952,-0.013943,-0.013629,-0.020164,9.733100,-0.230456,0.308909
1724289497.214502,0.701488,-0.017165,0.712243,0.018120,-0.028578,-0.016677,-0.017415,9.730158,-0.206920,0.317735
1724289497.224563,0.701554,-0.017255,0.712173,0.018271,-0.033351,-0.022667,-0.007877,9.744868,-0.210843,0.306948
1724289497.234440,0.701631,-0.017379,0.712091,0.018394,-0.034278,-0.024520,0.000387,9.747810,-0.232418,0.283412
1724289497.244792,0.701694,-0.017528,0.712022,0.018517,-0.039275,-0.020244,0.003417,9.750752,-0.265760,0.267722
1724289497.255102,0.701729,-0.017687,0.711980,0.018649,-0.043021,-0.011732,0.002875,9.767423,-0.297141,0.259876
1724289497.266394,0.701736,-0.017860,0.711964,0.018823,-0.049183,-0.003025,-0.001508,9.779191,-0.314793,0.269683
1724289497.277282,0.701721,-0.018060,0.711967,0.019069,-0.062614,0.003538,-0.008034,9.812534,-0.321658,0.294200
1724289497.287348,0.701698,-0.018228,0.711978,0.019326,-0.059413,0.005562,-0.013423,9.835089,-0.332445,0.322639
1724289497.298487,0.701676,-0.018333,0.711990,0.019573,-0.048422,0.006128,-0.020354,9.861567,-0.329503,0.334407
1724289497.309723,0.701657,-0.018393,0.712001,0.019831,-0.043583,0.006271,-0.027810,9.876277,-0.324600,0.352059
1724289497.319846,0.701648,-0.018395,0.712003,0.020088,-0.036319,0.003667,-0.034900,9.881181,-0.297141,0.367749
1724289497.329999,0.701649,-0.018338,0.711995,0.020349,-0.027171,0.000927,-0.042884,9.876277,-0.254973,0.367749
1724289497.342064,0.701665,-0.018264,0.711973,0.020642,-0.027611,-0.004095,-0.048981,9.872355,-0.217708,0.376575
1724289497.351844,0.701698,-0.018191,0.711933,0.020952,-0.028842,-0.009453,-0.050430,9.857645,-0.183384,0.375595
1724289497.361691,0.701745,-0.018112,0.711880,0.021258,-0.026667,-0.014472,-0.050445,9.829205,-0.137293,0.362846
1724289497.371526,0.701795,-0.018022,0.711824,0.021555,-0.024513,-0.015917,-0.049101,9.830186,-0.090221,0.353039
1724289497.382282,0.701844,-0.017914,0.711771,0.021813,-0.017137,-0.016314,-0.046700,9.819399,-0.050995,0.355001
1724289497.393221,0.701888,-0.017827,0.711722,0.022055,-0.019256,-0.014671,-0.041528,9.842935,-0.010787,0.369711
1724289497.404477,0.701931,-0.017768,0.711674,0.022270,-0.020944,-0.014216,-0.035243,9.866471,0.031381,0.405995
1724289497.415640,0.701997,-0.017727,0.711606,0.022395,-0.012373,-0.020410,-0.021471,9.908639,0.060801,0.421686
1724289497.425937,0.702089,-0.017754,0.711514,0.022444,-0.009990,-0.025333,-0.005161,9.931194,0.059821,0.438357
1724289497.437415,0.702211,-0.017839,0.711392,0.022396,-0.008182,-0.033313,0.015886,9.946885,0.045111,0.450125
1724289497.447572,0.702371,-0.017920,0.711238,0.022198,0.011097,-0.041448,0.034153,9.947866,0.017652,0.456009
1724289497.457491,0.702559,-0.017979,0.711060,0.021889,0.028770,-0.049616,0.046906,9.967479,-0.007845,0.454048
1724289497.467728,0.702775,-0.018014,0.710856,0.021501,0.042865,-0.057837,0.055552,9.985131,-0.032362,0.459932
1724289497.478037,0.703031,-0.018052,0.710615,0.021068,0.051763,-0.068403,0.061142,9.992976,-0.056879,0.470719
1724289497.489112,0.562264,-0.014310,0.568654,0.016899,0.049592,-0.082592,0.068972,9.984150,-0.064724,0.457971
1724289497.500008,0.421453,-0.010492,0.426739,0.012728,0.039045,-0.100412,0.079755,9.950808,-0.083357,0.421686
1724289497.511070,0.280595,-0.006622,0.284872,0.008582,0.018698,-0.118773,0.094749,9.908639,-0.137293,0.354020
1724289497.522259,0.139676,-0.002713,0.143066,0.004513,0.001684,-0.129811,0.103594,9.843915,-0.188288,0.285374
1724289497.533396,-0.001316,0.001262,0.001331,0.000526,-0.012397,-0.135743,0.105378,9.811553,-0.241244,0.216727
1724289497.544932,-0.142384,0.005275,-0.140331,-0.003346,-0.015640,-0.134553,0.098917,9.758597,-0.273606,0.160829
1724289497.556418,-0.283532,0.009315,-0.281915,-0.007101,-0.020368,-0.129896,0.090338,9.735061,-0.289296,0.120622
1724289497.567823,-0.424765,0.013405,-0.423415,-0.010788,-0.028709,-0.124554,0.082240,9.701719,-0.284393,0.091202
1724289497.578155,-0.566092,0.017557,-0.564821,-0.014414,-0.043431,-0.120009,0.080812,9.674260,-0.282432,0.065705
1724289497.588981,-0.707506,0.021813,-0.706137,-0.018014,-0.056819,-0.116504,0.084544,9.658570,-0.303025,0.028439
1724289497.600359,-0.707928,0.022379,-0.705700,-0.017871,-0.056399,-0.109959,0.088349,9.642879,-0.342252,-0.013729
1724289497.611278,-0.708310,0.022880,-0.705306,-0.017683,-0.044331,-0.100163,0.086139,9.638956,-0.392266,-0.044130
1724289497.622186,-0.708633,0.023250,-0.704975,-0.017458,-0.021536,-0.086364,0.074852,9.626208,-0.422667,-0.063743
1724289497.633323,-0.708901,0.023489,-0.704704,-0.017234,-0.004620,-0.070932,0.058001,9.622285,-0.452087,-0.065705
1724289497.644871,-0.709117,0.023608,-0.704488,-0.017037,0.008194,-0.056030,0.040310,9.614440,-0.455029,-0.061782
1724289497.656343,-0.709295,0.023668,-0.704311,-0.016893,0.008791,-0.045450,0.026213,9.634053,-0.448164,-0.050014
1724289497.667772,-0.709450,0.023700,-0.704157,-0.016766,0.008296,-0.038526,0.019879,9.636995,-0.439338,-0.063743
1724289497.678143,-0.709570,0.023680,-0.704040,-0.016612,0.018944,-0.031015,0.017708,9.630130,-0.457971,-0.081395
1724289497.689478,-0.709639,0.023614,-0.703976,-0.016471,0.023274,-0.017722,0.009882,9.615420,-0.497197,-0.092183
1724289497.700933,-0.709656,0.023479,-0.703966,-0.016358,0.029203,-0.001868,-0.002307,9.585020,-0.518772,-0.092183
1724289497.712562,-0.709624,0.023270,-0.704007,-0.016296,0.032929,0.011481,-0.017708,9.573252,-0.522694,-0.072569
1724289497.723996,-0.709544,0.023041,-0.704095,-0.016322,0.025257,0.021810,-0.030329,9.555600,-0.507004,-0.052956
1724289497.735364,-0.709433,0.022808,-0.704212,-0.016410,0.017087,0.029786,-0.038542,9.564426,-0.490332,-0.037265
1724289497.746449,-0.709292,0.022564,-0.704359,-0.016523,0.014998,0.036195,-0.041678,9.557561,-0.477584,-0.034323
1724289497.756685,-0.709115,0.022316,-0.704542,-0.016643,0.016945,0.043801,-0.043420,9.551677,-0.478565,-0.028439
1724289497.766913,-0.708895,0.022065,-0.704768,-0.016777,0.016438,0.055814,-0.045605,9.554619,-0.495236,-0.025497
1724289497.778170,-0.708623,0.021820,-0.705043,-0.016954,0.012107,0.069321,-0.051362,9.561484,-0.503081,-0.006865
1724289497.789192,-0.708304,0.021588,-0.705365,-0.017195,0.000452,0.083195,-0.058325,9.597768,-0.507984,0.036285
1724289497.800457,-0.707957,0.021323,-0.705715,-0.017446,0.003070,0.090741,-0.064609,9.662492,-0.493274,0.071589
1724289497.811767,-0.707583,0.021024,-0.706093,-0.017686,0.009177,0.095813,-0.066555,9.744868,-0.481507,0.120622
1724289497.822090,-0.707186,0.020672,-0.706495,-0.017914,0.018244,0.101770,-0.071480,9.782133,-0.456990,0.170636
1724289497.832404,-0.565786,0.016553,-0.565160,-0.014290,0.027616,0.103081,-0.079781,9.834109,-0.422667,0.218688
1724289497.843560,-0.424441,0.012531,-0.423770,-0.010597,0.027520,0.101658,-0.085310,9.890007,-0.384421,0.262818
1724289497.853997,-0.283154,0.008589,-0.282322,-0.006807,0.009678,0.100442,-0.089488,9.935117,-0.314793,0.320677
1724289497.865321,-0.141915,0.004700,-0.140827,-0.002923,-0.012804,0.091021,-0.089197,9.976305,-0.241244,0.365788
1724289497.875703,-0.000711,0.000833,0.000701,0.001056,-0.026658,0.075452,-0.085872,10.000822,-0.166713,0.397169
1724289497.886050,0.140464,-0.003040,0.142257,0.005112,-0.036523,0.059332,-0.082334,10.021416,-0.103950,0.415802
1724289497.897514,0.281614,-0.006915,0.283836,0.009207,-0.036331,0.040383,-0.077187,10.025338,-0.048053,0.409918
1724289497.907781,0.422745,-0.010759,0.425434,0.013298,-0.033182,0.025548,-0.068761,10.008667,0.009807,0.383440
1724289497.919474,0.563847,-0.014534,0.567064,0.017403,-0.028894,0.014708,-0.066028,9.959634,0.067666,0.353039
1724289497.929785,0.704898,-0.018216,0.708746,0.021541,-0.031564,0.005934,-0.062561,9.946885,0.114738,0.329503
1724289497.941107,0.704904,-0.018109,0.708731,0.021920,-0.037788,0.002126,-0.055100,9.912562,0.165732,0.317735
1724289497.952371,0.704939,-0.018082,0.708687,0.022288,-0.048124,-0.005231,-0.043673,9.862548,0.209862,0.308909
1724289497.962603,0.705012,-0.018086,0.708605,0.022586,-0.044836,-0.015434,-0.028074,9.839993,0.215746,0.272625
1724289497.974063,0.705098,-0.018107,0.708512,0.022788,-0.032529,-0.019885,-0.011203,9.807631,0.195152,0.225553
1724289497.985394,0.705179,-0.018149,0.708426,0.022897,-0.025983,-0.016478,0.004081,9.782133,0.151022,0.190249
1724289497.995586,0.705240,-0.018216,0.708364,0.022905,-0.014558,-0.010400,0.019439,9.778211,0.082376,0.164752
1724289498.005979,0.705263,-0.018296,0.708340,0.022849,-0.005782,0.000433,0.031079,9.763501,0.013729,0.154945
1724289498.017339,0.705248,-0.018402,0.708355,0.022761,-0.003400,0.009566,0.036525,9.762520,-0.068647,0.188288
1724289498.027590,0.705208,-0.018525,0.708396,0.022624,0.000255,0.014560,0.040846,9.779191,-0.153964,0.219669
1724289498.038033,0.705168,-0.018641,0.708439,0.022443,0.008599,0.015352,0.044771,9.784095,-0.230456,0.236340
1724289498.049058,0.705127,-0.018753,0.708484,0.022212,0.016362,0.014882,0.042911,9.795863,-0.310871,0.246147
1724289498.059452,0.705079,-0.018825,0.708537,0.021976,0.022024,0.016949,0.038617,9.822341,-0.383440,0.267722
1724289498.070527,0.705024,-0.018852,0.708599,0.021734,0.029377,0.018167,0.031885,9.831167,-0.435415,0.296161
1724289498.080896,0.704982,-0.018856,0.708647,0.021523,0.028334,0.015137,0.022852,9.853722,-0.458951,0.327542
1724289498.092226,0.704958,-0.018824,0.708678,0.021333,0.030990,0.006585,0.013956,9.877258,-0.474642,0.334407
1724289498.103448,0.704954,-0.018767,0.708687,0.021218,0.025976,0.000707,0.002632,9.876277,-0.458951,0.348136
1724289498.114296,0.704979,-0.018703,0.708665,0.021182,0.014074,-0.006740,-0.009793,9.883142,-0.432473,0.355981
1724289498.125353,0.705041,-0.018628,0.708603,0.021239,0.004273,-0.016078,-0.021227,9.875297,-0.380498,0.344213
1724289498.135507,0.705147,-0.018598,0.708493,0.021417,-0.016418,-0.026524,-0.029150,9.862548,-0.303025,0.324600
1724289498.145546,0.705287,-0.018614,0.708345,0.021654,-0.033451,-0.037427,-0.032610,9.850780,-0.216727,0.300083
1724289498.156351,0.705459,-0.018653,0.708166,0.021898,-0.039434,-0.046974,-0.027149,9.830186,-0.146119,0.258896
1724289498.166444,0.705641,-0.018704,0.707977,0.022086,-0.034259,-0.050494,-0.018900,9.790959,-0.097086,0.201036
1724289498.176750,0.705808,-0.018773,0.707805,0.022224,-0.029149,-0.047085,-0.010442,9.770365,-0.060801,0.163771
1724289498.187075,0.705946,-0.018826,0.707663,0.022312,-0.020333,-0.038739,-0.002065,9.758597,-0.040207,0.136312
1724289498.198454,0.706052,-0.018881,0.707554,0.022370,-0.015053,-0.028756,0.003623,9.743887,-0.027459,0.142196
1724289498.208830,0.706140,-0.018938,0.707464,0.022379,-0.011214,-0.025585,0.010898,9.755655,-0.039227,0.146119
1724289498.218731,0.706216,-0.018978,0.707389,0.022339,-0.000051,-0.021775,0.016366,9.766443,-0.043149,0.155926
1724289498.229607,0.706279,-0.019030,0.707327,0.022271,0.002065,-0.017905,0.021518,9.780172,-0.060801,0.176520
1724289498.239540,0.706327,-0.019086,0.707281,0.022145,0.008632,-0.015207,0.026140,9.804689,-0.085318,0.202017
1724289498.249535,0.706366,-0.019143,0.707246,0.021982,0.014638,-0.012669,0.032524,9.839012,-0.124544,0.227514
1724289498.259581,0.706407,-0.019203,0.707209,0.021793,0.018747,-0.011400,0.036645,9.869413,-0.160829,0.259876
1724289498.270511,0.706465,-0.019260,0.707157,0.021585,0.021843,-0.015835,0.038690,9.911581,-0.189268,0.300083
1724289498.281458,0.706559,-0.019290,0.707069,0.021339,0.028229,-0.024983,0.039965,9.940020,-0.218688,0.320677
1724289498.292222,0.706692,-0.019296,0.706944,0.021066,0.036505,-0.036312,0.037701,9.935117,-0.252031,0.332445
1724289498.302985,0.706869,-0.019270,0.706776,0.020778,0.040965,-0.047901,0.033952,9.934136,-0.271644,0.328523
1724289498.312686,0.707081,-0.019205,0.706573,0.020511,0.044721,-0.055189,0.025756,9.899813,-0.266741,0.303025
1724289498.322367,0.707318,-0.019152,0.706343,0.020290,0.037617,-0.063043,0.018649,9.866471,-0.246147,0.274586
1724289498.333107,0.707575,-0.019094,0.706093,0.020071,0.035259,-0.069745,0.016521,9.835089,-0.215746,0.242224
1724289498.342802,0.707847,-0.019033,0.705829,0.019833,0.039392,-0.074758,0.018230,9.798805,-0.189268,0.195152
1724289498.352532,0.566248,-0.015130,0.564699,0.015760,0.032208,-0.076480,0.021888,9.750752,-0.176520,0.162790
1724289498.363315,0.424607,-0.011150,0.423614,0.011687,0.014354,-0.078887,0.027088,9.720351,-0.173578,0.132390
1724289498.374057,0.282920,-0.007115,0.282574,0.007649,-0.000435,-0.079460,0.030531,9.683086,-0.171616,0.094144
1724289498.384822,0.141182,-0.003040,0.141585,0.003684,-0.022525,-0.076615,0.033194,9.656608,-0.168674,0.056879
1724289498.396637,-0.000609,0.001058,0.000648,-0.000179,-0.039324,-0.071639,0.039170,9.654647,-0.179462,0.020594
1724289498.407479,-0.142441,0.005152,-0.140251,-0.003945,-0.043799,-0.064937,0.046408,9.646802,-0.203978,-0.013729
1724289498.418236,-0.284303,0.009248,-0.281120,-0.007674,-0.045920,-0.057704,0.053400,9.659550,-0.235360,-0.016671
1724289498.429019,-0.426188,0.013385,-0.421966,-0.011387,-0.042317,-0.049984,0.057479,9.672299,-0.283412,-0.015691
1724289498.439771,-0.568100,0.017545,-0.562784,-0.015097,-0.038567,-0.042581,0.057479,9.696816,-0.325581,-0.011768
1724289498.450505,-0.710052,0.021709,-0.703562,-0.018789,-0.033681,-0.035318,0.054086,9.713487,-0.364807,0.003923
1724289498.461232,-0.710162,0.022033,-0.703446,-0.018628,-0.025122,-0.030903,0.047545,9.736042,-0.390305,0.011768
1724289498.471974,-0.710258,0.022292,-0.703346,-0.018424,-0.010339,-0.025353,0.043471,9.760559,-0.407957,0.009807
1724289498.482727,-0.710331,0.022487,-0.703273,-0.018170,0.005156,-0.018769,0.040842,9.788017,-0.425609,0.017652
1724289498.493490,-0.710373,0.022609,-0.703235,-0.017881,0.020550,-0.011168,0.036814,9.809592,-0.436396,0.053937
1724289498.504214,-0.710376,0.022705,-0.703234,-0.017639,0.017926,-0.004810,0.029746,9.823321,-0.428551,0.117680
1724289498.514964,-0.710392,0.022861,-0.703217,-0.017495,-0.002834,-0.008182,0.024374,9.846857,-0.396189,0.186326
1724289498.525766,-0.710460,0.023087,-0.703142,-0.017424,-0.020701,-0.022351,0.023347,9.867451,-0.366769,0.214766
1724289498.536519,-0.710596,0.023360,-0.702996,-0.017429,-0.037645,-0.039511,0.026559,9.865490,-0.323619,0.203978
1724289498.547266,-0.710779,0.023690,-0.702798,-0.017463,-0.048445,-0.052681,0.033139,9.843915,-0.299103,0.162790
1724289498.558012,-0.710983,0.024055,-0.702578,-0.017479,-0.052349,-0.058882,0.042230,9.837051,-0.297141,0.108854
1724289498.568760,-0.711184,0.024382,-0.702364,-0.017436,-0.040534,-0.057971,0.047756,9.819399,-0.301064,0.063743
1724289498.579518,-0.711363,0.024639,-0.702175,-0.017360,-0.024143,-0.052517,0.043693,9.799785,-0.295180,0.044130
1724289498.590263,-0.711528,0.024857,-0.702003,-0.017294,-0.021426,-0.046351,0.036847,9.776249,-0.276548,0.036285
1724289498.600987,-0.711701,0.025039,-0.701823,-0.017225,-0.015509,-0.047358,0.032934,9.756636,-0.256934,0.008826
1724289498.611711,-0.711900,0.025174,-0.701619,-0.017136,-0.006224,-0.052508,0.029955,9.749771,-0.239282,-0.040207
1724289498.622475,-0.712096,0.025257,-0.701420,-0.017016,0.004894,-0.051171,0.027601,9.736042,-0.243205,-0.102970
1724289498.633228,-0.712259,0.025291,-0.701257,-0.016852,0.017932,-0.040438,0.026808,9.713487,-0.256934,-0.144158
1724289498.643974,-0.712376,0.025299,-0.701144,-0.016649,0.026526,-0.025888,0.026909,9.717409,-0.301064,-0.162790
1724289498.654717,-0.712442,0.025278,-0.701082,-0.016448,0.029877,-0.012886,0.023656,9.706622,-0.342252,-0.152984
1724289498.665447,-0.712474,0.025240,-0.701054,-0.016305,0.025705,-0.004472,0.014331,9.680144,-0.369711,-0.126506
1724289498.676220,-0.712493,0.025230,-0.701036,-0.016282,0.007946,-0.000682,0.002405,9.670338,-0.391285,-0.106892
1724289498.686970,-0.712513,0.025258,-0.701013,-0.016353,-0.011720,-0.001346,-0.006843,9.652686,-0.406976,-0.108854
1724289498.697723,-0.712529,0.025294,-0.700992,-0.016482,-0.019748,-0.002227,-0.012338,9.637976,-0.413841,-0.126506
1724289498.708459,-0.712518,0.025341,-0.700998,-0.016644,-0.027143,0.003442,-0.016120,9.636995,-0.439338,-0.147100
1724289498.719197,-0.712461,0.025372,-0.701052,-0.016780,-0.022099,0.017603,-0.014676,9.620324,-0.463855,-0.149061
1724289498.729922,-0.712338,0.025328,-0.701177,-0.016821,0.000075,0.034271,-0.015162,9.624246,-0.487391,-0.133370
1724289498.740654,-0.712143,0.025199,-0.701379,-0.016813,0.017003,0.051737,-0.020506,9.638956,-0.503081,-0.097086
1724289498.751405,-0.711891,0.024983,-0.701642,-0.016812,0.027962,0.065495,-0.029760,9.663473,-0.493274,-0.033343
1724289498.762154,-0.711613,0.024693,-0.701934,-0.016814,0.037699,0.074215,-0.040150,9.719371,-0.460913,0.028439
1724289498.772900,-0.711317,0.024374,-0.702245,-0.016830,0.040054,0.079322,-0.047031,9.785075,-0.408937,0.099047
1724289498.783636,-0.711016,0.024078,-0.702558,-0.016849,0.034687,0.081009,-0.045263,9.854703,-0.357943,0.164752
1724289498.794389,-0.710733,0.023814,-0.702854,-0.016854,0.032816,0.077240,-0.038127,9.910600,-0.320677,0.231437
1724289498.805138,-0.710490,0.023593,-0.703108,-0.016850,0.027449,0.067389,-0.031501,9.967479,-0.293219,0.289296
1724289498.815884,-0.710307,0.023405,-0.703299,-0.016874,0.019452,0.052484,-0.030962,9.984150,-0.248108,0.324600
1724289498.826610,-0.710192,0.023232,-0.703420,-0.016956,0.009612,0.033955,-0.035315,10.007686,-0.190249,0.329503
1724289498.837360,-0.710148,0.023093,-0.703464,-0.017124,-0.006697,0.015912,-0.037238,10.012590,-0.112776,0.321658
1724289498.848112,-0.710177,0.022998,-0.703434,-0.017307,-0.014957,-0.002225,-0.030414,10.010628,-0.033343,0.290277
1724289498.858819,-0.710258,0.022953,-0.703351,-0.017412,-0.011880,-0.016385,-0.015739,10.002783,0.022555,0.241244
1724289498.869576,-0.710371,0.022968,-0.703237,-0.017408,-0.006816,-0.026215,0.006292,9.990034,0.026478,0.205940
1724289498.879653,-0.710512,0.022996,-0.703097,-0.017250,0.011486,-0.033952,0.027492,9.962576,-0.008826,0.159848
1724289498.889994,-0.710668,0.022990,-0.702946,-0.016980,0.035428,-0.038553,0.038519,9.932175,-0.053937,0.129448
1724289498.901328,-0.710825,0.022963,-0.702795,-0.016666,0.045249,-0.039958,0.040912,9.910600,-0.095125,0.101008
1724289498.911759,-0.710981,0.022926,-0.702646,-0.016352,0.048464,-0.039418,0.039621,9.878239,-0.135332,0.076492
1724289498.923255,-0.711134,0.022914,-0.702497,-0.016048,0.043389,-0.039357,0.041745,9.868432,-0.172597,0.067666
1724289498.934558,-0.711305,0.022964,-0.702331,-0.015727,0.038347,-0.043609,0.049141,9.864509,-0.214766,0.051975
1724289498.945005,-0.711485,0.023089,-0.702152,-0.015379,0.032435,-0.047517,0.059901,9.849799,-0.290277,0.022555
1724289498.956509,-0.711669,0.023274,-0.701967,-0.015031,0.025342,-0.048019,0.064982,9.839012,-0.383440,0.001961
1724289498.966765,-0.711861,0.023498,-0.701772,-0.014691,0.018808,-0.046328,0.063341,9.818418,-0.470719,-0.000981
1724289498.976885,-0.712048,0.023741,-0.701581,-0.014370,0.017205,-0.044820,0.054309,9.796843,-0.531520,-0.008826
1724289498.988197,-0.712226,0.024004,-0.701395,-0.014146,0.001288,-0.042572,0.043076,9.785075,-0.568786,-0.016671
1724289498.999602,-0.712408,0.024270,-0.701205,-0.013969,-0.008947,-0.043300,0.036109,9.769385,-0.592322,-0.031381
1724289499.009903,-0.712593,0.024510,-0.701012,-0.013818,-0.008920,-0.043207,0.029824,9.749771,-0.595264,-0.050014
1724289499.022151,-0.712765,0.024728,-0.700832,-0.013697,-0.010945,-0.039783,0.023091,9.745849,-0.588399,-0.079434
1724289499.033046,-0.712905,0.024903,-0.700686,-0.013586,-0.005480,-0.030425,0.016212,9.737023,-0.565844,-0.083357
1724289499.043002,-0.712995,0.025021,-0.700592,-0.013494,-0.001031,-0.017628,0.008297,9.713487,-0.529559,-0.057859
1724289499.053048,-0.713058,0.025115,-0.700526,-0.013432,-0.003217,-0.009573,0.001641,9.700738,-0.465816,-0.016671
1724289499.064222,-0.713115,0.025201,-0.700466,-0.013381,-0.004798,-0.010062,0.000286,9.702700,-0.394227,0.008826
1724289499.075161,-0.713166,0.025283,-0.700412,-0.013354,-0.006507,-0.012050,0.002890,9.704661,-0.322639,0.012749
1724289499.086229,-0.713216,0.025364,-0.700357,-0.013349,-0.011812,-0.013214,0.008924,9.701719,-0.262818,0.005884
1724289499.097345,-0.713259,0.025456,-0.700311,-0.013309,-0.008285,-0.011467,0.016888,9.709564,-0.217708,0.001961
1724289499.108338,-0.713282,0.025591,-0.700284,-0.013244,-0.009599,-0.006386,0.026341,9.731139,-0.183384,-0.005884
1724289499.119414,-0.713287,0.025775,-0.700274,-0.013127,-0.010887,-0.002512,0.040303,9.765462,-0.172597,0.000981
1724289499.130443,-0.713284,0.025975,-0.700273,-0.012915,-0.000414,-0.001415,0.055271,9.792921,-0.197114,0.022555
1724289499.141323,-0.713288,0.026201,-0.700266,-0.012640,0.004908,-0.004561,0.067797,9.817437,-0.238302,0.033343
1724289499.152303,-0.713305,0.026434,-0.700245,-0.012322,0.009708,-0.008863,0.073332,9.845877,-0.297141,0.032362
1724289499.163616,-0.713330,0.026635,-0.700218,-0.012005,0.017284,-0.011842,0.068928,9.874316,-0.346175,0.031381
1724289499.175229,-0.713359,0.026812,-0.700187,-0.011737,0.015818,-0.011791,0.058737,9.879219,-0.390305,0.042169
1724289499.186488,-0.713399,0.026965,-0.700144,-0.011519,0.012950,-0.014868,0.049164,9.884123,-0.411879,0.049033
1724289499.197021,-0.713453,0.027097,-0.700087,-0.011325,0.012107,-0.017006,0.043853,9.891968,-0.421686,0.053937
1724289499.208349,-0.713527,0.027213,-0.700010,-0.011122,0.015156,-0.022958,0.042914,9.891968,-0.427570,0.051975
1724289499.219753,-0.713619,0.027341,-0.699915,-0.010913,0.014895,-0.027993,0.044173,9.872355,-0.452087,0.055898
1724289499.231187,-0.713722,0.027487,-0.699807,-0.010736,0.007655,-0.030728,0.041127,9.849799,-0.485429,0.056879
1724289499.242493,-0.713848,0.027638,-0.699674,-0.010607,0.001227,-0.035479,0.033763,9.831167,-0.496216,0.045111
1724289499.252733,-0.713994,0.027788,-0.699520,-0.010513,-0.004316,-0.038940,0.027478,9.815476,-0.503081,0.020594
1724289499.263598,-0.714155,0.027936,-0.699351,-0.010433,-0.007011,-0.042350,0.024705,9.799785,-0.508965,-0.005884
1724289499.274879,-0.714318,0.028068,-0.699181,-0.010331,-0.002885,-0.041310,0.025642,9.781153,-0.516810,-0.025497
1724289499.286005,-0.714470,0.028168,-0.699024,-0.010197,0.003286,-0.037821,0.025812,9.763501,-0.508965,-0.040207
1724289499.297193,-0.714606,0.028237,-0.698884,-0.010065,0.007193,-0.034535,0.021406,9.743887,-0.506023,-0.032362
1724289499.308364,-0.714743,0.028312,-0.698742,-0.009977,0.001592,-0.035976,0.015455,9.727216,-0.498178,-0.029420
1724289499.319577,-0.714882,0.028435,-0.698595,-0.009977,-0.015457,-0.035448,0.011399,9.722313,-0.478565,-0.021575
